Workbook
Name a: #REF!

Sheet BASE
A1: COD_FUNCIONARIO | B1: NOME | C1: DATA_ADMISSAO | D1: SITUACAO | E1: RE_GESTOR | F1: NOME_GESTOR | G1: ESCALA | H1: DEPARTAMENTO | I1: OBJ_CUSTO_FUNC | J1: COD_CARGO | K1: CARGO | L1: COD_CURSO_REQUISITO | M1: TIPO | N1: DESCRICAO | O1: NOTA | P1: STATUS | Q1: EMPRESA | R1: FILIAL | S1: SETOR | T1: NOME_SETOR | U1: DATA_CURSO | V1: TIPO_RENOVACAO | W1: VENCIDO | X1: STATUS_GERAL | Y1: FILIAL_NOME | Z1: TRILHA DE TREINAMENTO | AA1: TREINAMENTO_STATUS_GERAL
A2: 3 | B2: GABRIEL JOSE FRANCISCO SANTOS | C2: 43683 | D2: NORMAL | E2: 5 | F2: GABRIEL DA SILVA OLIVEIRA BROCHADO | G2: 801 - 06:00 AS 18:00 4-3 E 3-4 A1 | H2: EXPORTAÇÃO | I2: 134 | J2: 5076 | K2: OPERADOR MAQUINAS AUTOPROPELIDAS | L2: 123 | M2: CURSO | N2: NR 20 - SEG. E TRAB. INFLAMÁVEIS E COMBUSTIVEIS CLASSE III - BASICO | P2: Concluido | Q2: 1 | R2: 1 | S2: 78 | T2: ADMINISTRAÇÃO | U2: 45243 | V2: TRIENAL | W2: -384 | X2: =IF(Tabela1[[#This Row],[DATA_CURSO]]="", "PENDENTE", IF(Tabela1[[#This Row],[TIPO_RENOVACAO]]="QUANDO NECESSARIO", "EM DIA – não é necessário renovar", IFERROR( IF(SUM(Tabela1[[#This Row],[DATA_CURSO]],VLOOKUP(Tabela1[[#This Row],[DESCRICAO]],RENOVAÇÃO!A:C,3,0))<TODAY(), "VENCIDO – "&TEXT(SUM(Tabela1[[#This Row],[DATA_CURSO]],VLOOKUP(Tabela1[[#This Row],[DESCRICAO]],RENOVAÇÃO!A:C,3,0)),"dd/mm/aa"), "EM DIA – vence em "&TEXT(SUM(Tabela1[[#This Row],[DATA_CURSO]],VLOOKUP(Tabela1[[#This Row],[DESCRICAO]],RENOVAÇÃO!A:C,3,0)),"dd/mm/aa")), "NÃO É NECESSÁRIO RENOVAR"))) -> EM DIA – vence em 12/11/26 | Y2: =IF(Tabela1[[#This Row],[FILIAL]]=1,"SINOP",IF(Tabela1[[#This Row],[FILIAL]]=2,"DOURADOS",IF(Tabela1[[#This Row],[FILIAL]]=3,"NOVA MUTUM",IF(Tabela1[[#This Row],[FILIAL]]=4,"FULLING",IF(Tabela1[[#This Row],[FILIAL]]=5,"SÃO PAULO",IF(Tabela1[[#This Row],[FILIAL]]=6,"SIDROLÂNDIA",IF(Tabela1[[#This Row],[FILIAL]]=8,"BALSAS",IF(Tabela1[[#This Row],[FILIAL]]=10,"LUIS EDUARDO MAGALHÃES","")))))))) -> SINOP | Z2: =VLOOKUP(N2,RENOVAÇÃO!A:D,4,0) -> TRILHA SEGURANÇA DO TRABALHO | AA2: =CONCATENATE("• ", Tabela1[[#This Row],[DESCRICAO]], " - ",Tabela1[[#This Row],[STATUS_GERAL]]) -> • NR 20 - SEG. E TRAB. INFLAMÁVEIS E COMBUSTIVEIS CLASSE III - BASICO - EM DIA – vence em 12/11/26
A3: 3 | B3: GABRIEL JOSE FRANCISCO SANTOS | C3: 43683 | D3: NORMAL | E3: 5 | F3: GABRIEL DA SILVA OLIVEIRA BROCHADO | G3: 801 - 06:00 AS 18:00 4-3 E 3-4 A1 | H3: EXPORTAÇÃO | I3: 134 | J3: 5076 | K3: OPERADOR MAQUINAS AUTOPROPELIDAS | L3: 266 | M3: CURSO | N3: NR 20 - SEG. E TRAB. INFLAMÁVEIS E COMBUSTIVEIS CLASSE III - INTERMEDIÁRIO | P3: Concluido | Q3: 1 | R3: 1 | S3: 80 | T3: MANUTENÇÃO INDUSTRIAL | U3: 45812 | V3: BIENAL | W3: -588 | X3: =IF(Tabela1[[#This Row],[DATA_CURSO]]="", "PENDENTE", IF(Tabela1[[#This Row],[TIPO_RENOVACAO]]="QUANDO NECESSARIO", "EM DIA – não é necessário renovar", IFERROR( IF(SUM(Tabela1[[#This Row],[DATA_CURSO]],VLOOKUP(Tabela1[[#This Row],[DESCRICAO]],RENOVAÇÃO!A:C,3,0))<TODAY(), "VENCIDO – "&TEXT(SUM(Tabela1[[#This Row],[DATA_CURSO]],VLOOKUP(Tabela1[[#This Row],[DESCRICAO]],RENOVAÇÃO!A:C,3,0)),"dd/mm/aa"), "EM DIA – vence em "&TEXT(SUM(Tabela1[[#This Row],[DATA_CURSO]],VLOOKUP(Tabela1[[#This Row],[DESCRICAO]],RENOVAÇÃO!A:C,3,0)),"dd/mm/aa")), "NÃO É NECESSÁRIO RENOVAR"))) -> EM DIA – vence em 04/06/27 | Y3: =IF(Tabela1[[#This Row],[FILIAL]]=1,"SINOP",IF(Tabela1[[#This Row],[FILIAL]]=2,"DOURADOS",IF(Tabela1[[#This Row],[FILIAL]]=3,"NOVA MUTUM",IF(Tabela1[[#This Row],[FILIAL]]=4,"FULLING",IF(Tabela1[[#This Row],[FILIAL]]=5,"SÃO PAULO",IF(Tabela1[[#This Row],[FILIAL]]=6,"SIDROLÂNDIA",IF(Tabela1[[#This Row],[FILIAL]]=8,"BALSAS",IF(Tabela1[[#This Row],[FILIAL]]=10,"LUIS EDUARDO MAGALHÃES","")))))))) -> SINOP | Z3: =VLOOKUP(N3,RENOVAÇÃO!A:D,4,0) -> TRILHA SEGURANÇA DO TRABALHO | AA3: =CONCATENATE("• ", Tabela1[[#This Row],[DESCRICAO]], " - ",Tabela1[[#This Row],[STATUS_GERAL]]) -> • NR 20 - SEG. E TRAB. INFLAMÁVEIS E COMBUSTIVEIS CLASSE III - INTERMEDIÁRIO - EM DIA – vence em 04/06/27
A4: 3 | B4: GABRIEL JOSE FRANCISCO SANTOS | C4: 43683 | D4: NORMAL | E4: 5 | F4: GABRIEL DA SILVA OLIVEIRA BROCHADO | G4: 801 - 06:00 AS 18:00 4-3 E 3-4 A1 | H4: EXPORTAÇÃO | I4: 134 | J4: 5076 | K4: OPERADOR MAQUINAS AUTOPROPELIDAS | L4: 28 | M4: CURSO | N4: NR 35 - TRABALHO EM ALTURA | P4: Concluido | Q4: 1 | R4: 1 | S4: 80 | T4: MANUTENÇÃO INDUSTRIAL | U4: 45349 | V4: BIENAL | W4: -125 | X4: =IF(Tabela1[[#This Row],[DATA_CURSO]]="", "PENDENTE", IF(Tabela1[[#This Row],[TIPO_RENOVACAO]]="QUANDO NECESSARIO", "EM DIA – não é necessário renovar", IFERROR( IF(SUM(Tabela1[[#This Row],[DATA_CURSO]],VLOOKUP(Tabela1[[#This Row],[DESCRICAO]],RENOVAÇÃO!A:C,3,0))<TODAY(), "VENCIDO – "&TEXT(SUM(Tabela1[[#This Row],[DATA_CURSO]],VLOOKUP(Tabela1[[#This Row],[DESCRICAO]],RENOVAÇÃO!A:C,3,0)),"dd/mm/aa"), "EM DIA – vence em "&TEXT(SUM(Tabela1[[#This Row],[DATA_CURSO]],VLOOKUP(Tabela1[[#This Row],[DESCRICAO]],RENOVAÇÃO!A:C,3,0)),"dd/mm/aa")), "NÃO É NECESSÁRIO RENOVAR"))) -> EM DIA – vence em 26/02/26 | Y4: =IF(Tabela1[[#This Row],[FILIAL]]=1,"SINOP",IF(Tabela1[[#This Row],[FILIAL]]=2,"DOURADOS",IF(Tabela1[[#This Row],[FILIAL]]=3,"NOVA MUTUM",IF(Tabela1[[#This Row],[FILIAL]]=4,"FULLING",IF(Tabela1[[#This Row],[FILIAL]]=5,"SÃO PAULO",IF(Tabela1[[#This Row],[FILIAL]]=6,"SIDROLÂNDIA",IF(Tabela1[[#This Row],[FILIAL]]=8,"BALSAS",IF(Tabela1[[#This Row],[FILIAL]]=10,"LUIS EDUARDO MAGALHÃES","")))))))) -> SINOP | Z4: =VLOOKUP(N4,RENOVAÇÃO!A:D,4,0) -> TRILHA SEGURANÇA DO TRABALHO | AA4: =CONCATENATE("• ", Tabela1[[#This Row],[DESCRICAO]], " - ",Tabela1[[#This Row],[STATUS_GERAL]]) -> • NR 35 - TRABALHO EM ALTURA - EM DIA – vence em 26/02/26
A5: 3 | B5: GABRIEL JOSE FRANCISCO SANTOS | C5: 43683 | D5: NORMAL | E5: 5 | F5: GABRIEL DA SILVA OLIVEIRA BROCHADO | G5: 801 - 06:00 AS 18:00 4-3 E 3-4 A1 | H5: EXPORTAÇÃO | I5: 134 | J5: 5076 | K5: OPERADOR MAQUINAS AUTOPROPELIDAS | L5: 10 | M5: CURSO | N5: NR 33 - SEGURANÇA E SAUDE NOS TRABALHOS EM ESPAÇOS CONFINADOS - VIGIA E TRABALHADOR | P5: Concluido | Q5: 1 | R5: 1 | S5: 80 | T5: MANUTENÇÃO INDUSTRIAL | U5: 44333 | V5: ANUAL | W5: 1256 | X5: =IF(Tabela1[[#This Row],[DATA_CURSO]]="", "PENDENTE", IF(Tabela1[[#This Row],[TIPO_RENOVACAO]]="QUANDO NECESSARIO", "EM DIA – não é necessário renovar", IFERROR( IF(SUM(Tabela1[[#This Row],[DATA_CURSO]],VLOOKUP(Tabela1[[#This Row],[DESCRICAO]],RENOVAÇÃO!A:C,3,0))<TODAY(), "VENCIDO – "&TEXT(SUM(Tabela1[[#This Row],[DATA_CURSO]],VLOOKUP(Tabela1[[#This Row],[DESCRICAO]],RENOVAÇÃO!A:C,3,0)),"dd/mm/aa"), "EM DIA – vence em "&TEXT(SUM(Tabela1[[#This Row],[DATA_CURSO]],VLOOKUP(Tabela1[[#This Row],[DESCRICAO]],RENOVAÇÃO!A:C,3,0)),"dd/mm/aa")), "NÃO É NECESSÁRIO RENOVAR"))) -> VENCIDO – 17/05/22 | Y5: =IF(Tabela1[[#This Row],[FILIAL]]=1,"SINOP",IF(Tabela1[[#This Row],[FILIAL]]=2,"DOURADOS",IF(Tabela1[[#This Row],[FILIAL]]=3,"NOVA MUTUM",IF(Tabela1[[#This Row],[FILIAL]]=4,"FULLING",IF(Tabela1[[#This Row],[FILIAL]]=5,"SÃO PAULO",IF(Tabela1[[#This Row],[FILIAL]]=6,"SIDROLÂNDIA",IF(Tabela1[[#This Row],[FILIAL]]=8,"BALSAS",IF(Tabela1[[#This Row],[FILIAL]]=10,"LUIS EDUARDO MAGALHÃES","")))))))) -> SINOP | Z5: =VLOOKUP(N5,RENOVAÇÃO!A:D,4,0) -> TRILHA SEGURANÇA DO TRABALHO | AA5: =CONCATENATE("• ", Tabela1[[#This Row],[DESCRICAO]], " - ",Tabela1[[#This Row],[STATUS_GERAL]]) -> • NR 33 - SEGURANÇA E SAUDE NOS TRABALHOS EM ESPAÇOS CONFINADOS - VIGIA E TRABALHADOR - VENCIDO – 17/05/22
A6: 3 | B6: GABRIEL JOSE FRANCISCO SANTOS | C6: 43683 | D6: NORMAL | E6: 5 | F6: GABRIEL DA SILVA OLIVEIRA BROCHADO | G6: 801 - 06:00 AS 18:00 4-3 E 3-4 A1 | H6: EXPORTAÇÃO | I6: 134 | J6: 5076 | K6: OPERADOR MAQUINAS AUTOPROPELIDAS | L6: 262 | M6: CURSO | N6: NR 11 - OPERADOR PA CARREGADEIRA | P6: Concluido | Q6: 1 | R6: 1 | S6: 114 | T6: OPERAÇÕES | U6: 45871 | V6: BIENAL | W6: -647 | X6: =IF(Tabela1[[#This Row],[DATA_CURSO]]="", "PENDENTE", IF(Tabela1[[#This Row],[TIPO_RENOVACAO]]="QUANDO NECESSARIO", "EM DIA – não é necessário renovar", IFERROR( IF(SUM(Tabela1[[#This Row],[DATA_CURSO]],VLOOKUP(Tabela1[[#This Row],[DESCRICAO]],RENOVAÇÃO!A:C,3,0))<TODAY(), "VENCIDO – "&TEXT(SUM(Tabela1[[#This Row],[DATA_CURSO]],VLOOKUP(Tabela1[[#This Row],[DESCRICAO]],RENOVAÇÃO!A:C,3,0)),"dd/mm/aa"), "EM DIA – vence em "&TEXT(SUM(Tabela1[[#This Row],[DATA_CURSO]],VLOOKUP(Tabela1[[#This Row],[DESCRICAO]],RENOVAÇÃO!A:C,3,0)),"dd/mm/aa")), "NÃO É NECESSÁRIO RENOVAR"))) -> EM DIA – vence em 02/08/27 | Y6: =IF(Tabela1[[#This Row],[FILIAL]]=1,"SINOP",IF(Tabela1[[#This Row],[FILIAL]]=2,"DOURADOS",IF(Tabela1[[#This Row],[FILIAL]]=3,"NOVA MUTUM",IF(Tabela1[[#This Row],[FILIAL]]=4,"FULLING",IF(Tabela1[[#This Row],[FILIAL]]=5,"SÃO PAULO",IF(Tabela1[[#This Row],[FILIAL]]=6,"SIDROLÂNDIA",IF(Tabela1[[#This Row],[FILIAL]]=8,"BALSAS",IF(Tabela1[[#This Row],[FILIAL]]=10,"LUIS EDUARDO MAGALHÃES","")))))))) -> SINOP | Z6: =VLOOKUP(N6,RENOVAÇÃO!A:D,4,0) -> TRILHA SEGURANÇA DO TRABALHO | AA6: =CONCATENATE("• ", Tabela1[[#This Row],[DESCRICAO]], " - ",Tabela1[[#This Row],[STATUS_GERAL]]) -> • NR 11 - OPERADOR PA CARREGADEIRA - EM DIA – vence em 02/08/27
A7: 3 | B7: GABRIEL JOSE FRANCISCO SANTOS | C7: 43683 | D7: NORMAL | E7: 5 | F7: GABRIEL DA SILVA OLIVEIRA BROCHADO | G7: 801 - 06:00 AS 18:00 4-3 E 3-4 A1 | H7: EXPORTAÇÃO | I7: 134 | J7: 5076 | K7: OPERADOR MAQUINAS AUTOPROPELIDAS | L7: 8 | M7: CURSO | N7: NR 35 - TRABALHO EM ALTURA | P7: Concluido | Q7: 1 | R7: 3 | S7: 102 | T7: PROCESSO INDUSTRIAL | U7: 45581 | V7: BIENAL | W7: -357 | X7: =IF(Tabela1[[#This Row],[DATA_CURSO]]="", "PENDENTE", IF(Tabela1[[#This Row],[TIPO_RENOVACAO]]="QUANDO NECESSARIO", "EM DIA – não é necessário renovar", IFERROR( IF(SUM(Tabela1[[#This Row],[DATA_CURSO]],VLOOKUP(Tabela1[[#This Row],[DESCRICAO]],RENOVAÇÃO!A:C,3,0))<TODAY(), "VENCIDO – "&TEXT(SUM(Tabela1[[#This Row],[DATA_CURSO]],VLOOKUP(Tabela1[[#This Row],[DESCRICAO]],RENOVAÇÃO!A:C,3,0)),"dd/mm/aa"), "EM DIA – vence em "&TEXT(SUM(Tabela1[[#This Row],[DATA_CURSO]],VLOOKUP(Tabela1[[#This Row],[DESCRICAO]],RENOVAÇÃO!A:C,3,0)),"dd/mm/aa")), "NÃO É NECESSÁRIO RENOVAR"))) -> EM DIA – vence em 16/10/26 | Y7: =IF(Tabela1[[#This Row],[FILIAL]]=1,"SINOP",IF(Tabela1[[#This Row],[FILIAL]]=2,"DOURADOS",IF(Tabela1[[#This Row],[FILIAL]]=3,"NOVA MUTUM",IF(Tabela1[[#This Row],[FILIAL]]=4,"FULLING",IF(Tabela1[[#This Row],[FILIAL]]=5,"SÃO PAULO",IF(Tabela1[[#This Row],[FILIAL]]=6,"SIDROLÂNDIA",IF(Tabela1[[#This Row],[FILIAL]]=8,"BALSAS",IF(Tabela1[[#This Row],[FILIAL]]=10,"LUIS EDUARDO MAGALHÃES","")))))))) -> NOVA MUTUM | Z7: =VLOOKUP(N7,RENOVAÇÃO!A:D,4,0) -> TRILHA SEGURANÇA DO TRABALHO | AA7: =CONCATENATE("• ", Tabela1[[#This Row],[DESCRICAO]], " - ",Tabela1[[#This Row],[STATUS_GERAL]]) -> • NR 35 - TRABALHO EM ALTURA - EM DIA – vence em 16/10/26
A8: 3 | B8: GABRIEL JOSE FRANCISCO SANTOS | C8: 43683 | D8: NORMAL | E8: 5 | F8: GABRIEL DA SILVA OLIVEIRA BROCHADO | G8: 801 - 06:00 AS 18:00 4-3 E 3-4 A1 | H8: EXPORTAÇÃO | I8: 134 | J8: 5076 | K8: OPERADOR MAQUINAS AUTOPROPELIDAS | L8: 1 | M8: CURSO | N8: BLOQUEIO E SINALIZAÇÃO DE ENERGIAS PERIGOSAS - LOCKOUT/TAGOUT - NR10 E NR12 | P8: Concluido | Q8: 1 | R8: 3 | S8: 102 | T8: PROCESSO INDUSTRIAL | U8: 44820 | V8: QUANDO NECESSARIO | X8: =IF(Tabela1[[#This Row],[DATA_CURSO]]="", "PENDENTE", IF(Tabela1[[#This Row],[TIPO_RENOVACAO]]="QUANDO NECESSARIO", "EM DIA – não é necessário renovar", IFERROR( IF(SUM(Tabela1[[#This Row],[DATA_CURSO]],VLOOKUP(Tabela1[[#This Row],[DESCRICAO]],RENOVAÇÃO!A:C,3,0))<TODAY(), "VENCIDO – "&TEXT(SUM(Tabela1[[#This Row],[DATA_CURSO]],VLOOKUP(Tabela1[[#This Row],[DESCRICAO]],RENOVAÇÃO!A:C,3,0)),"dd/mm/aa"), "EM DIA – vence em "&TEXT(SUM(Tabela1[[#This Row],[DATA_CURSO]],VLOOKUP(Tabela1[[#This Row],[DESCRICAO]],RENOVAÇÃO!A:C,3,0)),"dd/mm/aa")), "NÃO É NECESSÁRIO RENOVAR"))) -> EM DIA – não é necessário renovar | Y8: =IF(Tabela1[[#This Row],[FILIAL]]=1,"SINOP",IF(Tabela1[[#This Row],[FILIAL]]=2,"DOURADOS",IF(Tabela1[[#This Row],[FILIAL]]=3,"NOVA MUTUM",IF(Tabela1[[#This Row],[FILIAL]]=4,"FULLING",IF(Tabela1[[#This Row],[FILIAL]]=5,"SÃO PAULO",IF(Tabela1[[#This Row],[FILIAL]]=6,"SIDROLÂNDIA",IF(Tabela1[[#This Row],[FILIAL]]=8,"BALSAS",IF(Tabela1[[#This Row],[FILIAL]]=10,"LUIS EDUARDO MAGALHÃES","")))))))) -> NOVA MUTUM | Z8: =VLOOKUP(N8,RENOVAÇÃO!A:D,4,0) -> TRILHA SEGURANÇA DO TRABALHO | AA8: =CONCATENATE("• ", Tabela1[[#This Row],[DESCRICAO]], " - ",Tabela1[[#This Row],[STATUS_GERAL]]) -> • BLOQUEIO E SINALIZAÇÃO DE ENERGIAS PERIGOSAS - LOCKOUT/TAGOUT - NR10 E NR12 - EM DIA – não é necessário renovar
A9: 3 | B9: GABRIEL JOSE FRANCISCO SANTOS | C9: 43683 | D9: NORMAL | E9: 5 | F9: GABRIEL DA SILVA OLIVEIRA BROCHADO | G9: 801 - 06:00 AS 18:00 4-3 E 3-4 A1 | H9: EXPORTAÇÃO | I9: 134 | J9: 5076 | K9: OPERADOR MAQUINAS AUTOPROPELIDAS | L9: 308 | M9: CURSO | N9: NR 35 - TRABALHO EM ALTURA | P9: Concluido | Q9: 1 | R9: 1 | S9: 102 | T9: PROCESSO INDUSTRIAL | U9: 45350 | V9: BIENAL | W9: -126 | X9: =IF(Tabela1[[#This Row],[DATA_CURSO]]="", "PENDENTE", IF(Tabela1[[#This Row],[TIPO_RENOVACAO]]="QUANDO NECESSARIO", "EM DIA – não é necessário renovar", IFERROR( IF(SUM(Tabela1[[#This Row],[DATA_CURSO]],VLOOKUP(Tabela1[[#This Row],[DESCRICAO]],RENOVAÇÃO!A:C,3,0))<TODAY(), "VENCIDO – "&TEXT(SUM(Tabela1[[#This Row],[DATA_CURSO]],VLOOKUP(Tabela1[[#This Row],[DESCRICAO]],RENOVAÇÃO!A:C,3,0)),"dd/mm/aa"), "EM DIA – vence em "&TEXT(SUM(Tabela1[[#This Row],[DATA_CURSO]],VLOOKUP(Tabela1[[#This Row],[DESCRICAO]],RENOVAÇÃO!A:C,3,0)),"dd/mm/aa")), "NÃO É NECESSÁRIO RENOVAR"))) -> EM DIA – vence em 27/02/26 | Y9: =IF(Tabela1[[#This Row],[FILIAL]]=1,"SINOP",IF(Tabela1[[#This Row],[FILIAL]]=2,"DOURADOS",IF(Tabela1[[#This Row],[FILIAL]]=3,"NOVA MUTUM",IF(Tabela1[[#This Row],[FILIAL]]=4,"FULLING",IF(Tabela1[[#This Row],[FILIAL]]=5,"SÃO PAULO",IF(Tabela1[[#This Row],[FILIAL]]=6,"SIDROLÂNDIA",IF(Tabela1[[#This Row],[FILIAL]]=8,"BALSAS",IF(Tabela1[[#This Row],[FILIAL]]=10,"LUIS EDUARDO MAGALHÃES","")))))))) -> SINOP | Z9: =VLOOKUP(N9,RENOVAÇÃO!A:D,4,0) -> TRILHA SEGURANÇA DO TRABALHO | AA9: =CONCATENATE("• ", Tabela1[[#This Row],[DESCRICAO]], " - ",Tabela1[[#This Row],[STATUS_GERAL]]) -> • NR 35 - TRABALHO EM ALTURA - EM DIA – vence em 27/02/26
A10: 3 | B10: GABRIEL JOSE FRANCISCO SANTOS | C10: 43683 | D10: NORMAL | E10: 5 | F10: GABRIEL DA SILVA OLIVEIRA BROCHADO | G10: 801 - 06:00 AS 18:00 4-3 E 3-4 A1 | H10: EXPORTAÇÃO | I10: 134 | J10: 5076 | K10: OPERADOR MAQUINAS AUTOPROPELIDAS | L10: 321 | M10: CURSO | N10: NR 20 - SEG. E TRAB. INFLAMÁVEIS E COMBUSTIVEIS CLASSE III - INTERMEDIÁRIO | P10: Concluido | Q10: 1 | R10: 6 | S10: 80 | T10: MANUTENÇÃO INDUSTRIAL | U10: 45693 | V10: BIENAL | W10: -469 | X10: =IF(Tabela1[[#This Row],[DATA_CURSO]]="", "PENDENTE", IF(Tabela1[[#This Row],[TIPO_RENOVACAO]]="QUANDO NECESSARIO", "EM DIA – não é necessário renovar", IFERROR( IF(SUM(Tabela1[[#This Row],[DATA_CURSO]],VLOOKUP(Tabela1[[#This Row],[DESCRICAO]],RENOVAÇÃO!A:C,3,0))<TODAY(), "VENCIDO – "&TEXT(SUM(Tabela1[[#This Row],[DATA_CURSO]],VLOOKUP(Tabela1[[#This Row],[DESCRICAO]],RENOVAÇÃO!A:C,3,0)),"dd/mm/aa"), "EM DIA – vence em "&TEXT(SUM(Tabela1[[#This Row],[DATA_CURSO]],VLOOKUP(Tabela1[[#This Row],[DESCRICAO]],RENOVAÇÃO!A:C,3,0)),"dd/mm/aa")), "NÃO É NECESSÁRIO RENOVAR"))) -> EM DIA – vence em 05/02/27 | Y10: =IF(Tabela1[[#This Row],[FILIAL]]=1,"SINOP",IF(Tabela1[[#This Row],[FILIAL]]=2,"DOURADOS",IF(Tabela1[[#This Row],[FILIAL]]=3,"NOVA MUTUM",IF(Tabela1[[#This Row],[FILIAL]]=4,"FULLING",IF(Tabela1[[#This Row],[FILIAL]]=5,"SÃO PAULO",IF(Tabela1[[#This Row],[FILIAL]]=6,"SIDROLÂNDIA",IF(Tabela1[[#This Row],[FILIAL]]=8,"BALSAS",IF(Tabela1[[#This Row],[FILIAL]]=10,"LUIS EDUARDO MAGALHÃES","")))))))) -> SIDROLÂNDIA | Z10: =VLOOKUP(N10,RENOVAÇÃO!A:D,4,0) -> TRILHA SEGURANÇA DO TRABALHO | AA10: =CONCATENATE("• ", Tabela1[[#This Row],[DESCRICAO]], " - ",Tabela1[[#This Row],[STATUS_GERAL]]) -> • NR 20 - SEG. E TRAB. INFLAMÁVEIS E COMBUSTIVEIS CLASSE III - INTERMEDIÁRIO - EM DIA – vence em 05/02/27
A11: 3 | B11: GABRIEL JOSE FRANCISCO SANTOS | C11: 43683 | D11: NORMAL | E11: 5 | F11: GABRIEL DA SILVA OLIVEIRA BROCHADO | G11: 801 - 06:00 AS 18:00 4-3 E 3-4 A1 | H11: EXPORTAÇÃO | I11: 134 | J11: 5076 | K11: OPERADOR MAQUINAS AUTOPROPELIDAS | L11: 319 | M11: CURSO | N11: NR 26 - SINALIZAÇÃO DE SEGURANÇA | P11: Concluido | Q11: 1 | R11: 3 | S11: 102 | T11: PROCESSO INDUSTRIAL | U11: 45489 | V11: QUANDO NECESSARIO | X11: =IF(Tabela1[[#This Row],[DATA_CURSO]]="", "PENDENTE", IF(Tabela1[[#This Row],[TIPO_RENOVACAO]]="QUANDO NECESSARIO", "EM DIA – não é necessário renovar", IFERROR( IF(SUM(Tabela1[[#This Row],[DATA_CURSO]],VLOOKUP(Tabela1[[#This Row],[DESCRICAO]],RENOVAÇÃO!A:C,3,0))<TODAY(), "VENCIDO – "&TEXT(SUM(Tabela1[[#This Row],[DATA_CURSO]],VLOOKUP(Tabela1[[#This Row],[DESCRICAO]],RENOVAÇÃO!A:C,3,0)),"dd/mm/aa"), "EM DIA – vence em "&TEXT(SUM(Tabela1[[#This Row],[DATA_CURSO]],VLOOKUP(Tabela1[[#This Row],[DESCRICAO]],RENOVAÇÃO!A:C,3,0)),"dd/mm/aa")), "NÃO É NECESSÁRIO RENOVAR"))) -> EM DIA – não é necessário renovar | Y11: =IF(Tabela1[[#This Row],[FILIAL]]=1,"SINOP",IF(Tabela1[[#This Row],[FILIAL]]=2,"DOURADOS",IF(Tabela1[[#This Row],[FILIAL]]=3,"NOVA MUTUM",IF(Tabela1[[#This Row],[FILIAL]]=4,"FULLING",IF(Tabela1[[#This Row],[FILIAL]]=5,"SÃO PAULO",IF(Tabela1[[#This Row],[FILIAL]]=6,"SIDROLÂNDIA",IF(Tabela1[[#This Row],[FILIAL]]=8,"BALSAS",IF(Tabela1[[#This Row],[FILIAL]]=10,"LUIS EDUARDO MAGALHÃES","")))))))) -> NOVA MUTUM | Z11: =VLOOKUP(N11,RENOVAÇÃO!A:D,4,0) -> TRILHA SEGURANÇA DO TRABALHO | AA11: =CONCATENATE("• ", Tabela1[[#This Row],[DESCRICAO]], " - ",Tabela1[[#This Row],[STATUS_GERAL]]) -> • NR 26 - SINALIZAÇÃO DE SEGURANÇA - EM DIA – não é necessário renovar
A12: 3 | B12: GABRIEL JOSE FRANCISCO SANTOS | C12: 43683 | D12: NORMAL | E12: 5 | F12: GABRIEL DA SILVA OLIVEIRA BROCHADO | G12: 801 - 06:00 AS 18:00 4-3 E 3-4 A1 | H12: EXPORTAÇÃO | I12: 134 | J12: 5076 | K12: OPERADOR MAQUINAS AUTOPROPELIDAS | L12: 302 | M12: CURSO | N12: BLOQUEIO E SINALIZAÇÃO DE ENERGIAS PERIGOSAS - LOCKOUT/TAGOUT - NR10 E NR12 | P12: Concluido | Q12: 1 | R12: 3 | S12: 102 | T12: PROCESSO INDUSTRIAL | U12: 44878 | V12: QUANDO NECESSARIO | X12: =IF(Tabela1[[#This Row],[DATA_CURSO]]="", "PENDENTE", IF(Tabela1[[#This Row],[TIPO_RENOVACAO]]="QUANDO NECESSARIO", "EM DIA – não é necessário renovar", IFERROR( IF(SUM(Tabela1[[#This Row],[DATA_CURSO]],VLOOKUP(Tabela1[[#This Row],[DESCRICAO]],RENOVAÇÃO!A:C,3,0))<TODAY(), "VENCIDO – "&TEXT(SUM(Tabela1[[#This Row],[DATA_CURSO]],VLOOKUP(Tabela1[[#This Row],[DESCRICAO]],RENOVAÇÃO!A:C,3,0)),"dd/mm/aa"), "EM DIA – vence em "&TEXT(SUM(Tabela1[[#This Row],[DATA_CURSO]],VLOOKUP(Tabela1[[#This Row],[DESCRICAO]],RENOVAÇÃO!A:C,3,0)),"dd/mm/aa")), "NÃO É NECESSÁRIO RENOVAR"))) -> EM DIA – não é necessário renovar | Y12: =IF(Tabela1[[#This Row],[FILIAL]]=1,"SINOP",IF(Tabela1[[#This Row],[FILIAL]]=2,"DOURADOS",IF(Tabela1[[#This Row],[FILIAL]]=3,"NOVA MUTUM",IF(Tabela1[[#This Row],[FILIAL]]=4,"FULLING",IF(Tabela1[[#This Row],[FILIAL]]=5,"SÃO PAULO",IF(Tabela1[[#This Row],[FILIAL]]=6,"SIDROLÂNDIA",IF(Tabela1[[#This Row],[FILIAL]]=8,"BALSAS",IF(Tabela1[[#This Row],[FILIAL]]=10,"LUIS EDUARDO MAGALHÃES","")))))))) -> NOVA MUTUM | Z12: =VLOOKUP(N12,RENOVAÇÃO!A:D,4,0) -> TRILHA SEGURANÇA DO TRABALHO | AA12: =CONCATENATE("• ", Tabela1[[#This Row],[DESCRICAO]], " - ",Tabela1[[#This Row],[STATUS_GERAL]]) -> • BLOQUEIO E SINALIZAÇÃO DE ENERGIAS PERIGOSAS - LOCKOUT/TAGOUT - NR10 E NR12 - EM DIA – não é necessário renovar
A13: 3 | B13: GABRIEL JOSE FRANCISCO SANTOS | C13: 43683 | D13: NORMAL | E13: 5 | F13: GABRIEL DA SILVA OLIVEIRA BROCHADO | G13: 801 - 06:00 AS 18:00 4-3 E 3-4 A1 | H13: EXPORTAÇÃO | I13: 134 | J13: 5076 | K13: OPERADOR MAQUINAS AUTOPROPELIDAS | L13: 300 | M13: CURSO | N13: NR 35 - TRABALHO EM ALTURA | P13: Concluido | Q13: 1 | R13: 3 | S13: 102 | T13: PROCESSO INDUSTRIAL | U13: 45371 | V13: BIENAL | W13: -147 | X13: =IF(Tabela1[[#This Row],[DATA_CURSO]]="", "PENDENTE", IF(Tabela1[[#This Row],[TIPO_RENOVACAO]]="QUANDO NECESSARIO", "EM DIA – não é necessário renovar", IFERROR( IF(SUM(Tabela1[[#This Row],[DATA_CURSO]],VLOOKUP(Tabela1[[#This Row],[DESCRICAO]],RENOVAÇÃO!A:C,3,0))<TODAY(), "VENCIDO – "&TEXT(SUM(Tabela1[[#This Row],[DATA_CURSO]],VLOOKUP(Tabela1[[#This Row],[DESCRICAO]],RENOVAÇÃO!A:C,3,0)),"dd/mm/aa"), "EM DIA – vence em "&TEXT(SUM(Tabela1[[#This Row],[DATA_CURSO]],VLOOKUP(Tabela1[[#This Row],[DESCRICAO]],RENOVAÇÃO!A:C,3,0)),"dd/mm/aa")), "NÃO É NECESSÁRIO RENOVAR"))) -> EM DIA – vence em 20/03/26 | Y13: =IF(Tabela1[[#This Row],[FILIAL]]=1,"SINOP",IF(Tabela1[[#This Row],[FILIAL]]=2,"DOURADOS",IF(Tabela1[[#This Row],[FILIAL]]=3,"NOVA MUTUM",IF(Tabela1[[#This Row],[FILIAL]]=4,"FULLING",IF(Tabela1[[#This Row],[FILIAL]]=5,"SÃO PAULO",IF(Tabela1[[#This Row],[FILIAL]]=6,"SIDROLÂNDIA",IF(Tabela1[[#This Row],[FILIAL]]=8,"BALSAS",IF(Tabela1[[#This Row],[FILIAL]]=10,"LUIS EDUARDO MAGALHÃES","")))))))) -> NOVA MUTUM | Z13: =VLOOKUP(N13,RENOVAÇÃO!A:D,4,0) -> TRILHA SEGURANÇA DO TRABALHO | AA13: =CONCATENATE("• ", Tabela1[[#This Row],[DESCRICAO]], " - ",Tabela1[[#This Row],[STATUS_GERAL]]) -> • NR 35 - TRABALHO EM ALTURA - EM DIA – vence em 20/03/26
A14: 3 | B14: GABRIEL JOSE FRANCISCO SANTOS | C14: 43683 | D14: NORMAL | E14: 5 | F14: GABRIEL DA SILVA OLIVEIRA BROCHADO | G14: 801 - 06:00 AS 18:00 4-3 E 3-4 A1 | H14: EXPORTAÇÃO | I14: 134 | J14: 5076 | K14: OPERADOR MAQUINAS AUTOPROPELIDAS | L14: 295 | M14: CURSO | N14: NR 20 - SEG. E TRAB. INFLAMÁVEIS E COMBUSTIVEIS CLASSE III - AVANÇADO | P14: Concluido | Q14: 1 | R14: 10 | S14: 102 | T14: PROCESSO INDUSTRIAL | U14: 45390 | V14: ANUAL | W14: 199 | X14: =IF(Tabela1[[#This Row],[DATA_CURSO]]="", "PENDENTE", IF(Tabela1[[#This Row],[TIPO_RENOVACAO]]="QUANDO NECESSARIO", "EM DIA – não é necessário renovar", IFERROR( IF(SUM(Tabela1[[#This Row],[DATA_CURSO]],VLOOKUP(Tabela1[[#This Row],[DESCRICAO]],RENOVAÇÃO!A:C,3,0))<TODAY(), "VENCIDO – "&TEXT(SUM(Tabela1[[#This Row],[DATA_CURSO]],VLOOKUP(Tabela1[[#This Row],[DESCRICAO]],RENOVAÇÃO!A:C,3,0)),"dd/mm/aa"), "EM DIA – vence em "&TEXT(SUM(Tabela1[[#This Row],[DATA_CURSO]],VLOOKUP(Tabela1[[#This Row],[DESCRICAO]],RENOVAÇÃO!A:C,3,0)),"dd/mm/aa")), "NÃO É NECESSÁRIO RENOVAR"))) -> VENCIDO – 08/04/25 | Y14: =IF(Tabela1[[#This Row],[FILIAL]]=1,"SINOP",IF(Tabela1[[#This Row],[FILIAL]]=2,"DOURADOS",IF(Tabela1[[#This Row],[FILIAL]]=3,"NOVA MUTUM",IF(Tabela1[[#This Row],[FILIAL]]=4,"FULLING",IF(Tabela1[[#This Row],[FILIAL]]=5,"SÃO PAULO",IF(Tabela1[[#This Row],[FILIAL]]=6,"SIDROLÂNDIA",IF(Tabela1[[#This Row],[FILIAL]]=8,"BALSAS",IF(Tabela1[[#This Row],[FILIAL]]=10,"LUIS EDUARDO MAGALHÃES","")))))))) -> LUIS EDUARDO MAGALHÃES | Z14: =VLOOKUP(N14,RENOVAÇÃO!A:D,4,0) -> TRILHA SEGURANÇA DO TRABALHO | AA14: =CONCATENATE("• ", Tabela1[[#This Row],[DESCRICAO]], " - ",Tabela1[[#This Row],[STATUS_GERAL]]) -> • NR 20 - SEG. E TRAB. INFLAMÁVEIS E COMBUSTIVEIS CLASSE III - AVANÇADO - VENCIDO – 08/04/25
A15: 3 | B15: GABRIEL JOSE FRANCISCO SANTOS | C15: 43683 | D15: NORMAL | E15: 5 | F15: GABRIEL DA SILVA OLIVEIRA BROCHADO | G15: 801 - 06:00 AS 18:00 4-3 E 3-4 A1 | H15: EXPORTAÇÃO | I15: 134 | J15: 5076 | K15: OPERADOR MAQUINAS AUTOPROPELIDAS | L15: 235 | M15: CURSO | N15: NR 35 - TRABALHO EM ALTURA | P15: Concluido | Q15: 1 | R15: 1 | S15: 102 | T15: PROCESSO INDUSTRIAL | U15: 45827 | V15: BIENAL | W15: -603 | X15: =IF(Tabela1[[#This Row],[DATA_CURSO]]="", "PENDENTE", IF(Tabela1[[#This Row],[TIPO_RENOVACAO]]="QUANDO NECESSARIO", "EM DIA – não é necessário renovar", IFERROR( IF(SUM(Tabela1[[#This Row],[DATA_CURSO]],VLOOKUP(Tabela1[[#This Row],[DESCRICAO]],RENOVAÇÃO!A:C,3,0))<TODAY(), "VENCIDO – "&TEXT(SUM(Tabela1[[#This Row],[DATA_CURSO]],VLOOKUP(Tabela1[[#This Row],[DESCRICAO]],RENOVAÇÃO!A:C,3,0)),"dd/mm/aa"), "EM DIA – vence em "&TEXT(SUM(Tabela1[[#This Row],[DATA_CURSO]],VLOOKUP(Tabela1[[#This Row],[DESCRICAO]],RENOVAÇÃO!A:C,3,0)),"dd/mm/aa")), "NÃO É NECESSÁRIO RENOVAR"))) -> EM DIA – vence em 19/06/27 | Y15: =IF(Tabela1[[#This Row],[FILIAL]]=1,"SINOP",IF(Tabela1[[#This Row],[FILIAL]]=2,"DOURADOS",IF(Tabela1[[#This Row],[FILIAL]]=3,"NOVA MUTUM",IF(Tabela1[[#This Row],[FILIAL]]=4,"FULLING",IF(Tabela1[[#This Row],[FILIAL]]=5,"SÃO PAULO",IF(Tabela1[[#This Row],[FILIAL]]=6,"SIDROLÂNDIA",IF(Tabela1[[#This Row],[FILIAL]]=8,"BALSAS",IF(Tabela1[[#This Row],[FILIAL]]=10,"LUIS EDUARDO MAGALHÃES","")))))))) -> SINOP | Z15: =VLOOKUP(N15,RENOVAÇÃO!A:D,4,0) -> TRILHA SEGURANÇA DO TRABALHO | AA15: =CONCATENATE("• ", Tabela1[[#This Row],[DESCRICAO]], " - ",Tabela1[[#This Row],[STATUS_GERAL]]) -> • NR 35 - TRABALHO EM ALTURA - EM DIA – vence em 19/06/27
A16: 3 | B16: GABRIEL JOSE FRANCISCO SANTOS | C16: 43683 | D16: NORMAL | E16: 5 | F16: GABRIEL DA SILVA OLIVEIRA BROCHADO | G16: 801 - 06:00 AS 18:00 4-3 E 3-4 A1 | H16: EXPORTAÇÃO | I16: 134 | J16: 5076 | K16: OPERADOR MAQUINAS AUTOPROPELIDAS | L16: 323 | M16: CURSO | N16: NR 26 - SINALIZAÇÃO DE SEGURANÇA | P16: Concluido | Q16: 1 | R16: 1 | S16: 102 | T16: PROCESSO INDUSTRIAL | U16: 45489 | V16: QUANDO NECESSARIO | X16: =IF(Tabela1[[#This Row],[DATA_CURSO]]="", "PENDENTE", IF(Tabela1[[#This Row],[TIPO_RENOVACAO]]="QUANDO NECESSARIO", "EM DIA – não é necessário renovar", IFERROR( IF(SUM(Tabela1[[#This Row],[DATA_CURSO]],VLOOKUP(Tabela1[[#This Row],[DESCRICAO]],RENOVAÇÃO!A:C,3,0))<TODAY(), "VENCIDO – "&TEXT(SUM(Tabela1[[#This Row],[DATA_CURSO]],VLOOKUP(Tabela1[[#This Row],[DESCRICAO]],RENOVAÇÃO!A:C,3,0)),"dd/mm/aa"), "EM DIA – vence em "&TEXT(SUM(Tabela1[[#This Row],[DATA_CURSO]],VLOOKUP(Tabela1[[#This Row],[DESCRICAO]],RENOVAÇÃO!A:C,3,0)),"dd/mm/aa")), "NÃO É NECESSÁRIO RENOVAR"))) -> EM DIA – não é necessário renovar | Y16: =IF(Tabela1[[#This Row],[FILIAL]]=1,"SINOP",IF(Tabela1[[#This Row],[FILIAL]]=2,"DOURADOS",IF(Tabela1[[#This Row],[FILIAL]]=3,"NOVA MUTUM",IF(Tabela1[[#This Row],[FILIAL]]=4,"FULLING",IF(Tabela1[[#This Row],[FILIAL]]=5,"SÃO PAULO",IF(Tabela1[[#This Row],[FILIAL]]=6,"SIDROLÂNDIA",IF(Tabela1[[#This Row],[FILIAL]]=8,"BALSAS",IF(Tabela1[[#This Row],[FILIAL]]=10,"LUIS EDUARDO MAGALHÃES","")))))))) -> SINOP | Z16: =VLOOKUP(N16,RENOVAÇÃO!A:D,4,0) -> TRILHA SEGURANÇA DO TRABALHO | AA16: =CONCATENATE("• ", Tabela1[[#This Row],[DESCRICAO]], " - ",Tabela1[[#This Row],[STATUS_GERAL]]) -> • NR 26 - SINALIZAÇÃO DE SEGURANÇA - EM DIA – não é necessário renovar
A17: 3 | B17: GABRIEL JOSE FRANCISCO SANTOS | C17: 43683 | D17: NORMAL | E17: 5 | F17: GABRIEL DA SILVA OLIVEIRA BROCHADO | G17: 801 - 06:00 AS 18:00 4-3 E 3-4 A1 | H17: EXPORTAÇÃO | I17: 134 | J17: 5076 | K17: OPERADOR MAQUINAS AUTOPROPELIDAS | L17: 200 | M17: CURSO | N17: NR 33 - SEGURANÇA E SAUDE NOS TRABALHOS EM ESPAÇOS CONFINADOS - VIGIA E TRABALHADOR | P17: Concluido | Q17: 1 | R17: 3 | S17: 114 | T17: OPERAÇÕES | U17: 45911 | V17: ANUAL | W17: -322 | X17: =IF(Tabela1[[#This Row],[DATA_CURSO]]="", "PENDENTE", IF(Tabela1[[#This Row],[TIPO_RENOVACAO]]="QUANDO NECESSARIO", "EM DIA – não é necessário renovar", IFERROR( IF(SUM(Tabela1[[#This Row],[DATA_CURSO]],VLOOKUP(Tabela1[[#This Row],[DESCRICAO]],RENOVAÇÃO!A:C,3,0))<TODAY(), "VENCIDO – "&TEXT(SUM(Tabela1[[#This Row],[DATA_CURSO]],VLOOKUP(Tabela1[[#This Row],[DESCRICAO]],RENOVAÇÃO!A:C,3,0)),"dd/mm/aa"), "EM DIA – vence em "&TEXT(SUM(Tabela1[[#This Row],[DATA_CURSO]],VLOOKUP(Tabela1[[#This Row],[DESCRICAO]],RENOVAÇÃO!A:C,3,0)),"dd/mm/aa")), "NÃO É NECESSÁRIO RENOVAR"))) -> EM DIA – vence em 11/09/26 | Y17: =IF(Tabela1[[#This Row],[FILIAL]]=1,"SINOP",IF(Tabela1[[#This Row],[FILIAL]]=2,"DOURADOS",IF(Tabela1[[#This Row],[FILIAL]]=3,"NOVA MUTUM",IF(Tabela1[[#This Row],[FILIAL]]=4,"FULLING",IF(Tabela1[[#This Row],[FILIAL]]=5,"SÃO PAULO",IF(Tabela1[[#This Row],[FILIAL]]=6,"SIDROLÂNDIA",IF(Tabela1[[#This Row],[FILIAL]]=8,"BALSAS",IF(Tabela1[[#This Row],[FILIAL]]=10,"LUIS EDUARDO MAGALHÃES","")))))))) -> NOVA MUTUM | Z17: =VLOOKUP(N17,RENOVAÇÃO!A:D,4,0) -> TRILHA SEGURANÇA DO TRABALHO | AA17: =CONCATENATE("• ", Tabela1[[#This Row],[DESCRICAO]], " - ",Tabela1[[#This Row],[STATUS_GERAL]]) -> • NR 33 - SEGURANÇA E SAUDE NOS TRABALHOS EM ESPAÇOS CONFINADOS - VIGIA E TRABALHADOR - EM DIA – vence em 11/09/26
A18: 3 | B18: GABRIEL JOSE FRANCISCO SANTOS | C18: 43683 | D18: NORMAL | E18: 5 | F18: GABRIEL DA SILVA OLIVEIRA BROCHADO | G18: 801 - 06:00 AS 18:00 4-3 E 3-4 A1 | H18: EXPORTAÇÃO | I18: 134 | J18: 5076 | K18: OPERADOR MAQUINAS AUTOPROPELIDAS | L18: 320 | M18: CURSO | N18: NR 11 - OPERAÇÃO DE TALHAS E PONTE ROLANTE | P18: Concluido | Q18: 1 | R18: 1 | S18: 80 | T18: MANUTENÇÃO INDUSTRIAL | U18: 44887 | V18: BIENAL | W18: 337 | X18: =IF(Tabela1[[#This Row],[DATA_CURSO]]="", "PENDENTE", IF(Tabela1[[#This Row],[TIPO_RENOVACAO]]="QUANDO NECESSARIO", "EM DIA – não é necessário renovar", IFERROR( IF(SUM(Tabela1[[#This Row],[DATA_CURSO]],VLOOKUP(Tabela1[[#This Row],[DESCRICAO]],RENOVAÇÃO!A:C,3,0))<TODAY(), "VENCIDO – "&TEXT(SUM(Tabela1[[#This Row],[DATA_CURSO]],VLOOKUP(Tabela1[[#This Row],[DESCRICAO]],RENOVAÇÃO!A:C,3,0)),"dd/mm/aa"), "EM DIA – vence em "&TEXT(SUM(Tabela1[[#This Row],[DATA_CURSO]],VLOOKUP(Tabela1[[#This Row],[DESCRICAO]],RENOVAÇÃO!A:C,3,0)),"dd/mm/aa")), "NÃO É NECESSÁRIO RENOVAR"))) -> VENCIDO – 21/11/24 | Y18: =IF(Tabela1[[#This Row],[FILIAL]]=1,"SINOP",IF(Tabela1[[#This Row],[FILIAL]]=2,"DOURADOS",IF(Tabela1[[#This Row],[FILIAL]]=3,"NOVA MUTUM",IF(Tabela1[[#This Row],[FILIAL]]=4,"FULLING",IF(Tabela1[[#This Row],[FILIAL]]=5,"SÃO PAULO",IF(Tabela1[[#This Row],[FILIAL]]=6,"SIDROLÂNDIA",IF(Tabela1[[#This Row],[FILIAL]]=8,"BALSAS",IF(Tabela1[[#This Row],[FILIAL]]=10,"LUIS EDUARDO MAGALHÃES","")))))))) -> SINOP | Z18: =VLOOKUP(N18,RENOVAÇÃO!A:D,4,0) -> TRILHA SEGURANÇA DO TRABALHO | AA18: =CONCATENATE("• ", Tabela1[[#This Row],[DESCRICAO]], " - ",Tabela1[[#This Row],[STATUS_GERAL]]) -> • NR 11 - OPERAÇÃO DE TALHAS E PONTE ROLANTE - VENCIDO – 21/11/24
A19: 3 | B19: GABRIEL JOSE FRANCISCO SANTOS | C19: 43683 | D19: NORMAL | E19: 5 | F19: GABRIEL DA SILVA OLIVEIRA BROCHADO | G19: 801 - 06:00 AS 18:00 4-3 E 3-4 A1 | H19: EXPORTAÇÃO | I19: 134 | J19: 5076 | K19: OPERADOR MAQUINAS AUTOPROPELIDAS | L19: 129 | M19: CURSO | N19: NR 13 - SEGURANÇA NA OPERAÇÃO VASOS DE PRESSÃO | P19: Concluido | Q19: 1 | R19: 1 | S19: 102 | T19: PROCESSO INDUSTRIAL | U19: 44608 | V19: QUANDO NECESSARIO | X19: =IF(Tabela1[[#This Row],[DATA_CURSO]]="", "PENDENTE", IF(Tabela1[[#This Row],[TIPO_RENOVACAO]]="QUANDO NECESSARIO", "EM DIA – não é necessário renovar", IFERROR( IF(SUM(Tabela1[[#This Row],[DATA_CURSO]],VLOOKUP(Tabela1[[#This Row],[DESCRICAO]],RENOVAÇÃO!A:C,3,0))<TODAY(), "VENCIDO – "&TEXT(SUM(Tabela1[[#This Row],[DATA_CURSO]],VLOOKUP(Tabela1[[#This Row],[DESCRICAO]],RENOVAÇÃO!A:C,3,0)),"dd/mm/aa"), "EM DIA – vence em "&TEXT(SUM(Tabela1[[#This Row],[DATA_CURSO]],VLOOKUP(Tabela1[[#This Row],[DESCRICAO]],RENOVAÇÃO!A:C,3,0)),"dd/mm/aa")), "NÃO É NECESSÁRIO RENOVAR"))) -> EM DIA – não é necessário renovar | Y19: =IF(Tabela1[[#This Row],[FILIAL]]=1,"SINOP",IF(Tabela1[[#This Row],[FILIAL]]=2,"DOURADOS",IF(Tabela1[[#This Row],[FILIAL]]=3,"NOVA MUTUM",IF(Tabela1[[#This Row],[FILIAL]]=4,"FULLING",IF(Tabela1[[#This Row],[FILIAL]]=5,"SÃO PAULO",IF(Tabela1[[#This Row],[FILIAL]]=6,"SIDROLÂNDIA",IF(Tabela1[[#This Row],[FILIAL]]=8,"BALSAS",IF(Tabela1[[#This Row],[FILIAL]]=10,"LUIS EDUARDO MAGALHÃES","")))))))) -> SINOP | Z19: =VLOOKUP(N19,RENOVAÇÃO!A:D,4,0) -> TRILHA SEGURANÇA DO TRABALHO | AA19: =CONCATENATE("• ", Tabela1[[#This Row],[DESCRICAO]], " - ",Tabela1[[#This Row],[STATUS_GERAL]]) -> • NR 13 - SEGURANÇA NA OPERAÇÃO VASOS DE PRESSÃO - EM DIA – não é necessário renovar
A20: 3 | B20: GABRIEL JOSE FRANCISCO SANTOS | C20: 43683 | D20: NORMAL | E20: 5 | F20: GABRIEL DA SILVA OLIVEIRA BROCHADO | G20: 801 - 06:00 AS 18:00 4-3 E 3-4 A1 | H20: EXPORTAÇÃO | I20: 134 | J20: 5076 | K20: OPERADOR MAQUINAS AUTOPROPELIDAS | L20: 322 | M20: CURSO | N20: NR 26 - SINALIZAÇÃO DE SEGURANÇA | P20: Concluido | Q20: 1 | R20: 1 | S20: 102 | T20: PROCESSO INDUSTRIAL | U20: 45489 | V20: QUANDO NECESSARIO | X20: =IF(Tabela1[[#This Row],[DATA_CURSO]]="", "PENDENTE", IF(Tabela1[[#This Row],[TIPO_RENOVACAO]]="QUANDO NECESSARIO", "EM DIA – não é necessário renovar", IFERROR( IF(SUM(Tabela1[[#This Row],[DATA_CURSO]],VLOOKUP(Tabela1[[#This Row],[DESCRICAO]],RENOVAÇÃO!A:C,3,0))<TODAY(), "VENCIDO – "&TEXT(SUM(Tabela1[[#This Row],[DATA_CURSO]],VLOOKUP(Tabela1[[#This Row],[DESCRICAO]],RENOVAÇÃO!A:C,3,0)),"dd/mm/aa"), "EM DIA – vence em "&TEXT(SUM(Tabela1[[#This Row],[DATA_CURSO]],VLOOKUP(Tabela1[[#This Row],[DESCRICAO]],RENOVAÇÃO!A:C,3,0)),"dd/mm/aa")), "NÃO É NECESSÁRIO RENOVAR"))) -> EM DIA – não é necessário renovar | Y20: =IF(Tabela1[[#This Row],[FILIAL]]=1,"SINOP",IF(Tabela1[[#This Row],[FILIAL]]=2,"DOURADOS",IF(Tabela1[[#This Row],[FILIAL]]=3,"NOVA MUTUM",IF(Tabela1[[#This Row],[FILIAL]]=4,"FULLING",IF(Tabela1[[#This Row],[FILIAL]]=5,"SÃO PAULO",IF(Tabela1[[#This Row],[FILIAL]]=6,"SIDROLÂNDIA",IF(Tabela1[[#This Row],[FILIAL]]=8,"BALSAS",IF(Tabela1[[#This Row],[FILIAL]]=10,"LUIS EDUARDO MAGALHÃES","")))))))) -> SINOP | Z20: =VLOOKUP(N20,RENOVAÇÃO!A:D,4,0) -> TRILHA SEGURANÇA DO TRABALHO | AA20: =CONCATENATE("• ", Tabela1[[#This Row],[DESCRICAO]], " - ",Tabela1[[#This Row],[STATUS_GERAL]]) -> • NR 26 - SINALIZAÇÃO DE SEGURANÇA - EM DIA – não é necessário renovar
A21: 3 | B21: GABRIEL JOSE FRANCISCO SANTOS | C21: 43683 | D21: NORMAL | E21: 5 | F21: GABRIEL DA SILVA OLIVEIRA BROCHADO | G21: 801 - 06:00 AS 18:00 4-3 E 3-4 A1 | H21: EXPORTAÇÃO | I21: 134 | J21: 5076 | K21: OPERADOR MAQUINAS AUTOPROPELIDAS | L21: 271 | M21: CURSO | N21: NR 20 - SEG. E TRAB. INFLAMÁVEIS E COMBUSTIVEIS CLASSE III - BASICO | P21: Concluido | Q21: 1 | R21: 3 | S21: 102 | T21: PROCESSO INDUSTRIAL | U21: 45502 | V21: TRIENAL | W21: -643 | X21: =IF(Tabela1[[#This Row],[DATA_CURSO]]="", "PENDENTE", IF(Tabela1[[#This Row],[TIPO_RENOVACAO]]="QUANDO NECESSARIO", "EM DIA – não é necessário renovar", IFERROR( IF(SUM(Tabela1[[#This Row],[DATA_CURSO]],VLOOKUP(Tabela1[[#This Row],[DESCRICAO]],RENOVAÇÃO!A:C,3,0))<TODAY(), "VENCIDO – "&TEXT(SUM(Tabela1[[#This Row],[DATA_CURSO]],VLOOKUP(Tabela1[[#This Row],[DESCRICAO]],RENOVAÇÃO!A:C,3,0)),"dd/mm/aa"), "EM DIA – vence em "&TEXT(SUM(Tabela1[[#This Row],[DATA_CURSO]],VLOOKUP(Tabela1[[#This Row],[DESCRICAO]],RENOVAÇÃO!A:C,3,0)),"dd/mm/aa")), "NÃO É NECESSÁRIO RENOVAR"))) -> EM DIA – vence em 29/07/27 | Y21: =IF(Tabela1[[#This Row],[FILIAL]]=1,"SINOP",IF(Tabela1[[#This Row],[FILIAL]]=2,"DOURADOS",IF(Tabela1[[#This Row],[FILIAL]]=3,"NOVA MUTUM",IF(Tabela1[[#This Row],[FILIAL]]=4,"FULLING",IF(Tabela1[[#This Row],[FILIAL]]=5,"SÃO PAULO",IF(Tabela1[[#This Row],[FILIAL]]=6,"SIDROLÂNDIA",IF(Tabela1[[#This Row],[FILIAL]]=8,"BALSAS",IF(Tabela1[[#This Row],[FILIAL]]=10,"LUIS EDUARDO MAGALHÃES","")))))))) -> NOVA MUTUM | Z21: =VLOOKUP(N21,RENOVAÇÃO!A:D,4,0) -> TRILHA SEGURANÇA DO TRABALHO | AA21: =CONCATENATE("• ", Tabela1[[#This Row],[DESCRICAO]], " - ",Tabela1[[#This Row],[STATUS_GERAL]]) -> • NR 20 - SEG. E TRAB. INFLAMÁVEIS E COMBUSTIVEIS CLASSE III - BASICO - EM DIA – vence em 29/07/27
A22: 3 | B22: GABRIEL JOSE FRANCISCO SANTOS | C22: 43683 | D22: NORMAL | E22: 5 | F22: GABRIEL DA SILVA OLIVEIRA BROCHADO | G22: 801 - 06:00 AS 18:00 4-3 E 3-4 A1 | H22: EXPORTAÇÃO | I22: 134 | J22: 5076 | K22: OPERADOR MAQUINAS AUTOPROPELIDAS | L22: 82 | M22: CURSO | N22: NR 10 - SEGURANÇA EM INSTALAÇÕES E SERVIÇOS EM ELETRICIDADE ( BASÍCO) | P22: Concluido | Q22: 1 | R22: 6 | S22: 80 | T22: MANUTENÇÃO INDUSTRIAL | U22: 45870 | V22: BIENAL | W22: -646 | X22: =IF(Tabela1[[#This Row],[DATA_CURSO]]="", "PENDENTE", IF(Tabela1[[#This Row],[TIPO_RENOVACAO]]="QUANDO NECESSARIO", "EM DIA – não é necessário renovar", IFERROR( IF(SUM(Tabela1[[#This Row],[DATA_CURSO]],VLOOKUP(Tabela1[[#This Row],[DESCRICAO]],RENOVAÇÃO!A:C,3,0))<TODAY(), "VENCIDO – "&TEXT(SUM(Tabela1[[#This Row],[DATA_CURSO]],VLOOKUP(Tabela1[[#This Row],[DESCRICAO]],RENOVAÇÃO!A:C,3,0)),"dd/mm/aa"), "EM DIA – vence em "&TEXT(SUM(Tabela1[[#This Row],[DATA_CURSO]],VLOOKUP(Tabela1[[#This Row],[DESCRICAO]],RENOVAÇÃO!A:C,3,0)),"dd/mm/aa")), "NÃO É NECESSÁRIO RENOVAR"))) -> EM DIA – vence em 01/08/27 | Y22: =IF(Tabela1[[#This Row],[FILIAL]]=1,"SINOP",IF(Tabela1[[#This Row],[FILIAL]]=2,"DOURADOS",IF(Tabela1[[#This Row],[FILIAL]]=3,"NOVA MUTUM",IF(Tabela1[[#This Row],[FILIAL]]=4,"FULLING",IF(Tabela1[[#This Row],[FILIAL]]=5,"SÃO PAULO",IF(Tabela1[[#This Row],[FILIAL]]=6,"SIDROLÂNDIA",IF(Tabela1[[#This Row],[FILIAL]]=8,"BALSAS",IF(Tabela1[[#This Row],[FILIAL]]=10,"LUIS EDUARDO MAGALHÃES","")))))))) -> SIDROLÂNDIA | Z22: =VLOOKUP(N22,RENOVAÇÃO!A:D,4,0) -> TRILHA SEGURANÇA DO TRABALHO | AA22: =CONCATENATE("• ", Tabela1[[#This Row],[DESCRICAO]], " - ",Tabela1[[#This Row],[STATUS_GERAL]]) -> • NR 10 - SEGURANÇA EM INSTALAÇÕES E SERVIÇOS EM ELETRICIDADE ( BASÍCO) - EM DIA – vence em 01/08/27
A23: 3 | B23: GABRIEL JOSE FRANCISCO SANTOS | C23: 43683 | D23: NORMAL | E23: 5 | F23: GABRIEL DA SILVA OLIVEIRA BROCHADO | G23: 801 - 06:00 AS 18:00 4-3 E 3-4 A1 | H23: EXPORTAÇÃO | I23: 134 | J23: 5076 | K23: OPERADOR MAQUINAS AUTOPROPELIDAS | L23: 104 | M23: CURSO | N23: BLOQUEIO E SINALIZAÇÃO DE ENERGIAS PERIGOSAS - LOCKOUT/TAGOUT - NR10 E NR12 | P23: Concluido | Q23: 1 | R23: 1 | S23: 114 | T23: OPERAÇÕES | U23: 44582 | V23: QUANDO NECESSARIO | X23: =IF(Tabela1[[#This Row],[DATA_CURSO]]="", "PENDENTE", IF(Tabela1[[#This Row],[TIPO_RENOVACAO]]="QUANDO NECESSARIO", "EM DIA – não é necessário renovar", IFERROR( IF(SUM(Tabela1[[#This Row],[DATA_CURSO]],VLOOKUP(Tabela1[[#This Row],[DESCRICAO]],RENOVAÇÃO!A:C,3,0))<TODAY(), "VENCIDO – "&TEXT(SUM(Tabela1[[#This Row],[DATA_CURSO]],VLOOKUP(Tabela1[[#This Row],[DESCRICAO]],RENOVAÇÃO!A:C,3,0)),"dd/mm/aa"), "EM DIA – vence em "&TEXT(SUM(Tabela1[[#This Row],[DATA_CURSO]],VLOOKUP(Tabela1[[#This Row],[DESCRICAO]],RENOVAÇÃO!A:C,3,0)),"dd/mm/aa")), "NÃO É NECESSÁRIO RENOVAR"))) -> EM DIA – não é necessário renovar | Y23: =IF(Tabela1[[#This Row],[FILIAL]]=1,"SINOP",IF(Tabela1[[#This Row],[FILIAL]]=2,"DOURADOS",IF(Tabela1[[#This Row],[FILIAL]]=3,"NOVA MUTUM",IF(Tabela1[[#This Row],[FILIAL]]=4,"FULLING",IF(Tabela1[[#This Row],[FILIAL]]=5,"SÃO PAULO",IF(Tabela1[[#This Row],[FILIAL]]=6,"SIDROLÂNDIA",IF(Tabela1[[#This Row],[FILIAL]]=8,"BALSAS",IF(Tabela1[[#This Row],[FILIAL]]=10,"LUIS EDUARDO MAGALHÃES","")))))))) -> SINOP | Z23: =VLOOKUP(N23,RENOVAÇÃO!A:D,4,0) -> TRILHA SEGURANÇA DO TRABALHO | AA23: =CONCATENATE("• ", Tabela1[[#This Row],[DESCRICAO]], " - ",Tabela1[[#This Row],[STATUS_GERAL]]) -> • BLOQUEIO E SINALIZAÇÃO DE ENERGIAS PERIGOSAS - LOCKOUT/TAGOUT - NR10 E NR12 - EM DIA – não é necessário renovar
A24: 3 | B24: GABRIEL JOSE FRANCISCO SANTOS | C24: 43683 | D24: NORMAL | E24: 5 | F24: GABRIEL DA SILVA OLIVEIRA BROCHADO | G24: 801 - 06:00 AS 18:00 4-3 E 3-4 A1 | H24: EXPORTAÇÃO | I24: 134 | J24: 5076 | K24: OPERADOR MAQUINAS AUTOPROPELIDAS | L24: 2 | M24: CURSO | N24: NR 35 - TRABALHO EM ALTURA | P24: Concluido | Q24: 1 | R24: 1 | S24: 102 | T24: PROCESSO INDUSTRIAL | U24: 45374 | V24: BIENAL | W24: -150 | X24: =IF(Tabela1[[#This Row],[DATA_CURSO]]="", "PENDENTE", IF(Tabela1[[#This Row],[TIPO_RENOVACAO]]="QUANDO NECESSARIO", "EM DIA – não é necessário renovar", IFERROR( IF(SUM(Tabela1[[#This Row],[DATA_CURSO]],VLOOKUP(Tabela1[[#This Row],[DESCRICAO]],RENOVAÇÃO!A:C,3,0))<TODAY(), "VENCIDO – "&TEXT(SUM(Tabela1[[#This Row],[DATA_CURSO]],VLOOKUP(Tabela1[[#This Row],[DESCRICAO]],RENOVAÇÃO!A:C,3,0)),"dd/mm/aa"), "EM DIA – vence em "&TEXT(SUM(Tabela1[[#This Row],[DATA_CURSO]],VLOOKUP(Tabela1[[#This Row],[DESCRICAO]],RENOVAÇÃO!A:C,3,0)),"dd/mm/aa")), "NÃO É NECESSÁRIO RENOVAR"))) -> EM DIA – vence em 23/03/26 | Y24: =IF(Tabela1[[#This Row],[FILIAL]]=1,"SINOP",IF(Tabela1[[#This Row],[FILIAL]]=2,"DOURADOS",IF(Tabela1[[#This Row],[FILIAL]]=3,"NOVA MUTUM",IF(Tabela1[[#This Row],[FILIAL]]=4,"FULLING",IF(Tabela1[[#This Row],[FILIAL]]=5,"SÃO PAULO",IF(Tabela1[[#This Row],[FILIAL]]=6,"SIDROLÂNDIA",IF(Tabela1[[#This Row],[FILIAL]]=8,"BALSAS",IF(Tabela1[[#This Row],[FILIAL]]=10,"LUIS EDUARDO MAGALHÃES","")))))))) -> SINOP | Z24: =VLOOKUP(N24,RENOVAÇÃO!A:D,4,0) -> TRILHA SEGURANÇA DO TRABALHO | AA24: =CONCATENATE("• ", Tabela1[[#This Row],[DESCRICAO]], " - ",Tabela1[[#This Row],[STATUS_GERAL]]) -> • NR 35 - TRABALHO EM ALTURA - EM DIA – vence em 23/03/26
A25: 1 | B25: GABRIEL DE OLIVEIRA | C25: 43570 | D25: NORMAL | E25: 5 | F25: GABRIEL DA SILVA OLIVEIRA BROCHADO | G25: 801 - 06:00 AS 18:00 4-3 E 3-4 A1 | H25: EXPORTAÇÃO | I25: 172 | J25: 5058 | K25: OPERADOR MAQUINAS AUTOPROPELIDAS | L25: 317 | M25: CURSO | N25: NR 35 - TRABALHO EM ALTURA | P25: Concluido | Q25: 1 | R25: 1 | S25: 114 | T25: OPERAÇÕES | U25: 45405 | V25: BIENAL | W25: -181 | X25: =IF(Tabela1[[#This Row],[DATA_CURSO]]="", "PENDENTE", IF(Tabela1[[#This Row],[TIPO_RENOVACAO]]="QUANDO NECESSARIO", "EM DIA – não é necessário renovar", IFERROR( IF(SUM(Tabela1[[#This Row],[DATA_CURSO]],VLOOKUP(Tabela1[[#This Row],[DESCRICAO]],RENOVAÇÃO!A:C,3,0))<TODAY(), "VENCIDO – "&TEXT(SUM(Tabela1[[#This Row],[DATA_CURSO]],VLOOKUP(Tabela1[[#This Row],[DESCRICAO]],RENOVAÇÃO!A:C,3,0)),"dd/mm/aa"), "EM DIA – vence em "&TEXT(SUM(Tabela1[[#This Row],[DATA_CURSO]],VLOOKUP(Tabela1[[#This Row],[DESCRICAO]],RENOVAÇÃO!A:C,3,0)),"dd/mm/aa")), "NÃO É NECESSÁRIO RENOVAR"))) -> EM DIA – vence em 23/04/26 | Y25: =IF(Tabela1[[#This Row],[FILIAL]]=1,"SINOP",IF(Tabela1[[#This Row],[FILIAL]]=2,"DOURADOS",IF(Tabela1[[#This Row],[FILIAL]]=3,"NOVA MUTUM",IF(Tabela1[[#This Row],[FILIAL]]=4,"FULLING",IF(Tabela1[[#This Row],[FILIAL]]=5,"SÃO PAULO",IF(Tabela1[[#This Row],[FILIAL]]=6,"SIDROLÂNDIA",IF(Tabela1[[#This Row],[FILIAL]]=8,"BALSAS",IF(Tabela1[[#This Row],[FILIAL]]=10,"LUIS EDUARDO MAGALHÃES","")))))))) -> SINOP | Z25: =VLOOKUP(N25,RENOVAÇÃO!A:D,4,0) -> TRILHA SEGURANÇA DO TRABALHO | AA25: =CONCATENATE("• ", Tabela1[[#This Row],[DESCRICAO]], " - ",Tabela1[[#This Row],[STATUS_GERAL]]) -> • NR 35 - TRABALHO EM ALTURA - EM DIA – vence em 23/04/26
A26: 1 | B26: GABRIEL DE OLIVEIRA | C26: 43570 | D26: NORMAL | E26: 5 | F26: GABRIEL DA SILVA OLIVEIRA BROCHADO | G26: 801 - 06:00 AS 18:00 4-3 E 3-4 A1 | H26: EXPORTAÇÃO | I26: 172 | J26: 5058 | K26: OPERADOR MAQUINAS AUTOPROPELIDAS | L26: 271 | M26: CURSO | N26: NR 20 - SEG. E TRAB. INFLAMÁVEIS E COMBUSTIVEIS CLASSE III - BASICO | P26: Concluido | Q26: 1 | R26: 1 | S26: 117 | T26: OBRAS CIVIS | U26: 45875 | V26: TRIENAL | W26: -1016 | X26: =IF(Tabela1[[#This Row],[DATA_CURSO]]="", "PENDENTE", IF(Tabela1[[#This Row],[TIPO_RENOVACAO]]="QUANDO NECESSARIO", "EM DIA – não é necessário renovar", IFERROR( IF(SUM(Tabela1[[#This Row],[DATA_CURSO]],VLOOKUP(Tabela1[[#This Row],[DESCRICAO]],RENOVAÇÃO!A:C,3,0))<TODAY(), "VENCIDO – "&TEXT(SUM(Tabela1[[#This Row],[DATA_CURSO]],VLOOKUP(Tabela1[[#This Row],[DESCRICAO]],RENOVAÇÃO!A:C,3,0)),"dd/mm/aa"), "EM DIA – vence em "&TEXT(SUM(Tabela1[[#This Row],[DATA_CURSO]],VLOOKUP(Tabela1[[#This Row],[DESCRICAO]],RENOVAÇÃO!A:C,3,0)),"dd/mm/aa")), "NÃO É NECESSÁRIO RENOVAR"))) -> EM DIA – vence em 05/08/28 | Y26: =IF(Tabela1[[#This Row],[FILIAL]]=1,"SINOP",IF(Tabela1[[#This Row],[FILIAL]]=2,"DOURADOS",IF(Tabela1[[#This Row],[FILIAL]]=3,"NOVA MUTUM",IF(Tabela1[[#This Row],[FILIAL]]=4,"FULLING",IF(Tabela1[[#This Row],[FILIAL]]=5,"SÃO PAULO",IF(Tabela1[[#This Row],[FILIAL]]=6,"SIDROLÂNDIA",IF(Tabela1[[#This Row],[FILIAL]]=8,"BALSAS",IF(Tabela1[[#This Row],[FILIAL]]=10,"LUIS EDUARDO MAGALHÃES","")))))))) -> SINOP | Z26: =VLOOKUP(N26,RENOVAÇÃO!A:D,4,0) -> TRILHA SEGURANÇA DO TRABALHO | AA26: =CONCATENATE("• ", Tabela1[[#This Row],[DESCRICAO]], " - ",Tabela1[[#This Row],[STATUS_GERAL]]) -> • NR 20 - SEG. E TRAB. INFLAMÁVEIS E COMBUSTIVEIS CLASSE III - BASICO - EM DIA – vence em 05/08/28
A27: 1 | B27: GABRIEL DE OLIVEIRA | C27: 43570 | D27: NORMAL | E27: 5 | F27: GABRIEL DA SILVA OLIVEIRA BROCHADO | G27: 801 - 06:00 AS 18:00 4-3 E 3-4 A1 | H27: EXPORTAÇÃO | I27: 172 | J27: 5058 | K27: OPERADOR MAQUINAS AUTOPROPELIDAS | L27: 200 | M27: CURSO | N27: BLOQUEIO E SINALIZAÇÃO DE ENERGIAS PERIGOSAS - LOCKOUT/TAGOUT - NR10 E NR12 | P27: Concluido | Q27: 1 | R27: 1 | S27: 102 | T27: PROCESSO INDUSTRIAL | U27: 44883 | V27: QUANDO NECESSARIO | X27: =IF(Tabela1[[#This Row],[DATA_CURSO]]="", "PENDENTE", IF(Tabela1[[#This Row],[TIPO_RENOVACAO]]="QUANDO NECESSARIO", "EM DIA – não é necessário renovar", IFERROR( IF(SUM(Tabela1[[#This Row],[DATA_CURSO]],VLOOKUP(Tabela1[[#This Row],[DESCRICAO]],RENOVAÇÃO!A:C,3,0))<TODAY(), "VENCIDO – "&TEXT(SUM(Tabela1[[#This Row],[DATA_CURSO]],VLOOKUP(Tabela1[[#This Row],[DESCRICAO]],RENOVAÇÃO!A:C,3,0)),"dd/mm/aa"), "EM DIA – vence em "&TEXT(SUM(Tabela1[[#This Row],[DATA_CURSO]],VLOOKUP(Tabela1[[#This Row],[DESCRICAO]],RENOVAÇÃO!A:C,3,0)),"dd/mm/aa")), "NÃO É NECESSÁRIO RENOVAR"))) -> EM DIA – não é necessário renovar | Y27: =IF(Tabela1[[#This Row],[FILIAL]]=1,"SINOP",IF(Tabela1[[#This Row],[FILIAL]]=2,"DOURADOS",IF(Tabela1[[#This Row],[FILIAL]]=3,"NOVA MUTUM",IF(Tabela1[[#This Row],[FILIAL]]=4,"FULLING",IF(Tabela1[[#This Row],[FILIAL]]=5,"SÃO PAULO",IF(Tabela1[[#This Row],[FILIAL]]=6,"SIDROLÂNDIA",IF(Tabela1[[#This Row],[FILIAL]]=8,"BALSAS",IF(Tabela1[[#This Row],[FILIAL]]=10,"LUIS EDUARDO MAGALHÃES","")))))))) -> SINOP | Z27: =VLOOKUP(N27,RENOVAÇÃO!A:D,4,0) -> TRILHA SEGURANÇA DO TRABALHO | AA27: =CONCATENATE("• ", Tabela1[[#This Row],[DESCRICAO]], " - ",Tabela1[[#This Row],[STATUS_GERAL]]) -> • BLOQUEIO E SINALIZAÇÃO DE ENERGIAS PERIGOSAS - LOCKOUT/TAGOUT - NR10 E NR12 - EM DIA – não é necessário renovar
A28: 1 | B28: GABRIEL DE OLIVEIRA | C28: 43570 | D28: NORMAL | E28: 5 | F28: GABRIEL DA SILVA OLIVEIRA BROCHADO | G28: 801 - 06:00 AS 18:00 4-3 E 3-4 A1 | H28: EXPORTAÇÃO | I28: 172 | J28: 5058 | K28: OPERADOR MAQUINAS AUTOPROPELIDAS | L28: 1 | M28: CURSO | N28: NR 35 - TRABALHO EM ALTURA | P28: Concluido | Q28: 1 | R28: 1 | S28: 80 | T28: MANUTENÇÃO INDUSTRIAL | U28: 45349 | V28: BIENAL | W28: -125 | X28: =IF(Tabela1[[#This Row],[DATA_CURSO]]="", "PENDENTE", IF(Tabela1[[#This Row],[TIPO_RENOVACAO]]="QUANDO NECESSARIO", "EM DIA – não é necessário renovar", IFERROR( IF(SUM(Tabela1[[#This Row],[DATA_CURSO]],VLOOKUP(Tabela1[[#This Row],[DESCRICAO]],RENOVAÇÃO!A:C,3,0))<TODAY(), "VENCIDO – "&TEXT(SUM(Tabela1[[#This Row],[DATA_CURSO]],VLOOKUP(Tabela1[[#This Row],[DESCRICAO]],RENOVAÇÃO!A:C,3,0)),"dd/mm/aa"), "EM DIA – vence em "&TEXT(SUM(Tabela1[[#This Row],[DATA_CURSO]],VLOOKUP(Tabela1[[#This Row],[DESCRICAO]],RENOVAÇÃO!A:C,3,0)),"dd/mm/aa")), "NÃO É NECESSÁRIO RENOVAR"))) -> EM DIA – vence em 26/02/26 | Y28: =IF(Tabela1[[#This Row],[FILIAL]]=1,"SINOP",IF(Tabela1[[#This Row],[FILIAL]]=2,"DOURADOS",IF(Tabela1[[#This Row],[FILIAL]]=3,"NOVA MUTUM",IF(Tabela1[[#This Row],[FILIAL]]=4,"FULLING",IF(Tabela1[[#This Row],[FILIAL]]=5,"SÃO PAULO",IF(Tabela1[[#This Row],[FILIAL]]=6,"SIDROLÂNDIA",IF(Tabela1[[#This Row],[FILIAL]]=8,"BALSAS",IF(Tabela1[[#This Row],[FILIAL]]=10,"LUIS EDUARDO MAGALHÃES","")))))))) -> SINOP | Z28: =VLOOKUP(N28,RENOVAÇÃO!A:D,4,0) -> TRILHA SEGURANÇA DO TRABALHO | AA28: =CONCATENATE("• ", Tabela1[[#This Row],[DESCRICAO]], " - ",Tabela1[[#This Row],[STATUS_GERAL]]) -> • NR 35 - TRABALHO EM ALTURA - EM DIA – vence em 26/02/26
A29: 1 | B29: GABRIEL DE OLIVEIRA | C29: 43570 | D29: NORMAL | E29: 5 | F29: GABRIEL DA SILVA OLIVEIRA BROCHADO | G29: 801 - 06:00 AS 18:00 4-3 E 3-4 A1 | H29: EXPORTAÇÃO | I29: 172 | J29: 5058 | K29: OPERADOR MAQUINAS AUTOPROPELIDAS | L29: 262 | M29: CURSO | N29: NR 35 - TRABALHO EM ALTURA | P29: Concluido | Q29: 1 | R29: 1 | S29: 114 | T29: OPERAÇÕES | U29: 45349 | V29: BIENAL | W29: -125 | X29: =IF(Tabela1[[#This Row],[DATA_CURSO]]="", "PENDENTE", IF(Tabela1[[#This Row],[TIPO_RENOVACAO]]="QUANDO NECESSARIO", "EM DIA – não é necessário renovar", IFERROR( IF(SUM(Tabela1[[#This Row],[DATA_CURSO]],VLOOKUP(Tabela1[[#This Row],[DESCRICAO]],RENOVAÇÃO!A:C,3,0))<TODAY(), "VENCIDO – "&TEXT(SUM(Tabela1[[#This Row],[DATA_CURSO]],VLOOKUP(Tabela1[[#This Row],[DESCRICAO]],RENOVAÇÃO!A:C,3,0)),"dd/mm/aa"), "EM DIA – vence em "&TEXT(SUM(Tabela1[[#This Row],[DATA_CURSO]],VLOOKUP(Tabela1[[#This Row],[DESCRICAO]],RENOVAÇÃO!A:C,3,0)),"dd/mm/aa")), "NÃO É NECESSÁRIO RENOVAR"))) -> EM DIA – vence em 26/02/26 | Y29: =IF(Tabela1[[#This Row],[FILIAL]]=1,"SINOP",IF(Tabela1[[#This Row],[FILIAL]]=2,"DOURADOS",IF(Tabela1[[#This Row],[FILIAL]]=3,"NOVA MUTUM",IF(Tabela1[[#This Row],[FILIAL]]=4,"FULLING",IF(Tabela1[[#This Row],[FILIAL]]=5,"SÃO PAULO",IF(Tabela1[[#This Row],[FILIAL]]=6,"SIDROLÂNDIA",IF(Tabela1[[#This Row],[FILIAL]]=8,"BALSAS",IF(Tabela1[[#This Row],[FILIAL]]=10,"LUIS EDUARDO MAGALHÃES","")))))))) -> SINOP | Z29: =VLOOKUP(N29,RENOVAÇÃO!A:D,4,0) -> TRILHA SEGURANÇA DO TRABALHO | AA29: =CONCATENATE("• ", Tabela1[[#This Row],[DESCRICAO]], " - ",Tabela1[[#This Row],[STATUS_GERAL]]) -> • NR 35 - TRABALHO EM ALTURA - EM DIA – vence em 26/02/26
A30: 1 | B30: GABRIEL DE OLIVEIRA | C30: 43570 | D30: NORMAL | E30: 5 | F30: GABRIEL DA SILVA OLIVEIRA BROCHADO | G30: 801 - 06:00 AS 18:00 4-3 E 3-4 A1 | H30: EXPORTAÇÃO | I30: 172 | J30: 5058 | K30: OPERADOR MAQUINAS AUTOPROPELIDAS | L30: 28 | M30: CURSO | N30: NR 13 - SEGURANÇA NA OPERAÇÃO DE CALDEIRAS | P30: Concluido | Q30: 1 | R30: 1 | S30: 102 | T30: PROCESSO INDUSTRIAL | U30: 45042 | V30: QUANDO NECESSARIO | X30: =IF(Tabela1[[#This Row],[DATA_CURSO]]="", "PENDENTE", IF(Tabela1[[#This Row],[TIPO_RENOVACAO]]="QUANDO NECESSARIO", "EM DIA – não é necessário renovar", IFERROR( IF(SUM(Tabela1[[#This Row],[DATA_CURSO]],VLOOKUP(Tabela1[[#This Row],[DESCRICAO]],RENOVAÇÃO!A:C,3,0))<TODAY(), "VENCIDO – "&TEXT(SUM(Tabela1[[#This Row],[DATA_CURSO]],VLOOKUP(Tabela1[[#This Row],[DESCRICAO]],RENOVAÇÃO!A:C,3,0)),"dd/mm/aa"), "EM DIA – vence em "&TEXT(SUM(Tabela1[[#This Row],[DATA_CURSO]],VLOOKUP(Tabela1[[#This Row],[DESCRICAO]],RENOVAÇÃO!A:C,3,0)),"dd/mm/aa")), "NÃO É NECESSÁRIO RENOVAR"))) -> EM DIA – não é necessário renovar | Y30: =IF(Tabela1[[#This Row],[FILIAL]]=1,"SINOP",IF(Tabela1[[#This Row],[FILIAL]]=2,"DOURADOS",IF(Tabela1[[#This Row],[FILIAL]]=3,"NOVA MUTUM",IF(Tabela1[[#This Row],[FILIAL]]=4,"FULLING",IF(Tabela1[[#This Row],[FILIAL]]=5,"SÃO PAULO",IF(Tabela1[[#This Row],[FILIAL]]=6,"SIDROLÂNDIA",IF(Tabela1[[#This Row],[FILIAL]]=8,"BALSAS",IF(Tabela1[[#This Row],[FILIAL]]=10,"LUIS EDUARDO MAGALHÃES","")))))))) -> SINOP | Z30: =VLOOKUP(N30,RENOVAÇÃO!A:D,4,0) -> TRILHA SEGURANÇA DO TRABALHO | AA30: =CONCATENATE("• ", Tabela1[[#This Row],[DESCRICAO]], " - ",Tabela1[[#This Row],[STATUS_GERAL]]) -> • NR 13 - SEGURANÇA NA OPERAÇÃO DE CALDEIRAS - EM DIA – não é necessário renovar
A31: 1 | B31: GABRIEL DE OLIVEIRA | C31: 43570 | D31: NORMAL | E31: 5 | F31: GABRIEL DA SILVA OLIVEIRA BROCHADO | G31: 801 - 06:00 AS 18:00 4-3 E 3-4 A1 | H31: EXPORTAÇÃO | I31: 172 | J31: 5058 | K31: OPERADOR MAQUINAS AUTOPROPELIDAS | L31: 11 | M31: CURSO | N31: BLOQUEIO E SINALIZAÇÃO DE ENERGIAS PERIGOSAS - LOCKOUT/TAGOUT - NR10 E NR12 | P31: Concluido | Q31: 1 | R31: 1 | S31: 102 | T31: PROCESSO INDUSTRIAL | U31: 45125 | V31: QUANDO NECESSARIO | X31: =IF(Tabela1[[#This Row],[DATA_CURSO]]="", "PENDENTE", IF(Tabela1[[#This Row],[TIPO_RENOVACAO]]="QUANDO NECESSARIO", "EM DIA – não é necessário renovar", IFERROR( IF(SUM(Tabela1[[#This Row],[DATA_CURSO]],VLOOKUP(Tabela1[[#This Row],[DESCRICAO]],RENOVAÇÃO!A:C,3,0))<TODAY(), "VENCIDO – "&TEXT(SUM(Tabela1[[#This Row],[DATA_CURSO]],VLOOKUP(Tabela1[[#This Row],[DESCRICAO]],RENOVAÇÃO!A:C,3,0)),"dd/mm/aa"), "EM DIA – vence em "&TEXT(SUM(Tabela1[[#This Row],[DATA_CURSO]],VLOOKUP(Tabela1[[#This Row],[DESCRICAO]],RENOVAÇÃO!A:C,3,0)),"dd/mm/aa")), "NÃO É NECESSÁRIO RENOVAR"))) -> EM DIA – não é necessário renovar | Y31: =IF(Tabela1[[#This Row],[FILIAL]]=1,"SINOP",IF(Tabela1[[#This Row],[FILIAL]]=2,"DOURADOS",IF(Tabela1[[#This Row],[FILIAL]]=3,"NOVA MUTUM",IF(Tabela1[[#This Row],[FILIAL]]=4,"FULLING",IF(Tabela1[[#This Row],[FILIAL]]=5,"SÃO PAULO",IF(Tabela1[[#This Row],[FILIAL]]=6,"SIDROLÂNDIA",IF(Tabela1[[#This Row],[FILIAL]]=8,"BALSAS",IF(Tabela1[[#This Row],[FILIAL]]=10,"LUIS EDUARDO MAGALHÃES","")))))))) -> SINOP | Z31: =VLOOKUP(N31,RENOVAÇÃO!A:D,4,0) -> TRILHA SEGURANÇA DO TRABALHO | AA31: =CONCATENATE("• ", Tabela1[[#This Row],[DESCRICAO]], " - ",Tabela1[[#This Row],[STATUS_GERAL]]) -> • BLOQUEIO E SINALIZAÇÃO DE ENERGIAS PERIGOSAS - LOCKOUT/TAGOUT - NR10 E NR12 - EM DIA – não é necessário renovar
A32: 1 | B32: GABRIEL DE OLIVEIRA | C32: 43570 | D32: NORMAL | E32: 5 | F32: GABRIEL DA SILVA OLIVEIRA BROCHADO | G32: 801 - 06:00 AS 18:00 4-3 E 3-4 A1 | H32: EXPORTAÇÃO | I32: 172 | J32: 5058 | K32: OPERADOR MAQUINAS AUTOPROPELIDAS | L32: 26 | M32: CURSO | N32: NR 10 - SEGURANÇA EM INSTALAÇÕES E SERVIÇOS EM ELETRICIDADE ( BASÍCO) | P32: Concluido | Q32: 1 | R32: 2 | S32: 80 | T32: MANUTENÇÃO INDUSTRIAL | U32: 45401 | V32: BIENAL | W32: -177 | X32: =IF(Tabela1[[#This Row],[DATA_CURSO]]="", "PENDENTE", IF(Tabela1[[#This Row],[TIPO_RENOVACAO]]="QUANDO NECESSARIO", "EM DIA – não é necessário renovar", IFERROR( IF(SUM(Tabela1[[#This Row],[DATA_CURSO]],VLOOKUP(Tabela1[[#This Row],[DESCRICAO]],RENOVAÇÃO!A:C,3,0))<TODAY(), "VENCIDO – "&TEXT(SUM(Tabela1[[#This Row],[DATA_CURSO]],VLOOKUP(Tabela1[[#This Row],[DESCRICAO]],RENOVAÇÃO!A:C,3,0)),"dd/mm/aa"), "EM DIA – vence em "&TEXT(SUM(Tabela1[[#This Row],[DATA_CURSO]],VLOOKUP(Tabela1[[#This Row],[DESCRICAO]],RENOVAÇÃO!A:C,3,0)),"dd/mm/aa")), "NÃO É NECESSÁRIO RENOVAR"))) -> EM DIA – vence em 19/04/26 | Y32: =IF(Tabela1[[#This Row],[FILIAL]]=1,"SINOP",IF(Tabela1[[#This Row],[FILIAL]]=2,"DOURADOS",IF(Tabela1[[#This Row],[FILIAL]]=3,"NOVA MUTUM",IF(Tabela1[[#This Row],[FILIAL]]=4,"FULLING",IF(Tabela1[[#This Row],[FILIAL]]=5,"SÃO PAULO",IF(Tabela1[[#This Row],[FILIAL]]=6,"SIDROLÂNDIA",IF(Tabela1[[#This Row],[FILIAL]]=8,"BALSAS",IF(Tabela1[[#This Row],[FILIAL]]=10,"LUIS EDUARDO MAGALHÃES","")))))))) -> DOURADOS | Z32: =VLOOKUP(N32,RENOVAÇÃO!A:D,4,0) -> TRILHA SEGURANÇA DO TRABALHO | AA32: =CONCATENATE("• ", Tabela1[[#This Row],[DESCRICAO]], " - ",Tabela1[[#This Row],[STATUS_GERAL]]) -> • NR 10 - SEGURANÇA EM INSTALAÇÕES E SERVIÇOS EM ELETRICIDADE ( BASÍCO) - EM DIA – vence em 19/04/26
A33: 1 | B33: GABRIEL DE OLIVEIRA | C33: 43570 | D33: NORMAL | E33: 5 | F33: GABRIEL DA SILVA OLIVEIRA BROCHADO | G33: 801 - 06:00 AS 18:00 4-3 E 3-4 A1 | H33: EXPORTAÇÃO | I33: 172 | J33: 5058 | K33: OPERADOR MAQUINAS AUTOPROPELIDAS | L33: 8 | M33: CURSO | N33: DIREÇÃO DEFENSIVA - TEÓRICO | P33: Concluido | Q33: 1 | R33: 3 | S33: 113 | T33: FROTA | U33: 44568 | V33: QUANDO NECESSARIO | X33: =IF(Tabela1[[#This Row],[DATA_CURSO]]="", "PENDENTE", IF(Tabela1[[#This Row],[TIPO_RENOVACAO]]="QUANDO NECESSARIO", "EM DIA – não é necessário renovar", IFERROR( IF(SUM(Tabela1[[#This Row],[DATA_CURSO]],VLOOKUP(Tabela1[[#This Row],[DESCRICAO]],RENOVAÇÃO!A:C,3,0))<TODAY(), "VENCIDO – "&TEXT(SUM(Tabela1[[#This Row],[DATA_CURSO]],VLOOKUP(Tabela1[[#This Row],[DESCRICAO]],RENOVAÇÃO!A:C,3,0)),"dd/mm/aa"), "EM DIA – vence em "&TEXT(SUM(Tabela1[[#This Row],[DATA_CURSO]],VLOOKUP(Tabela1[[#This Row],[DESCRICAO]],RENOVAÇÃO!A:C,3,0)),"dd/mm/aa")), "NÃO É NECESSÁRIO RENOVAR"))) -> EM DIA – não é necessário renovar | Y33: =IF(Tabela1[[#This Row],[FILIAL]]=1,"SINOP",IF(Tabela1[[#This Row],[FILIAL]]=2,"DOURADOS",IF(Tabela1[[#This Row],[FILIAL]]=3,"NOVA MUTUM",IF(Tabela1[[#This Row],[FILIAL]]=4,"FULLING",IF(Tabela1[[#This Row],[FILIAL]]=5,"SÃO PAULO",IF(Tabela1[[#This Row],[FILIAL]]=6,"SIDROLÂNDIA",IF(Tabela1[[#This Row],[FILIAL]]=8,"BALSAS",IF(Tabela1[[#This Row],[FILIAL]]=10,"LUIS EDUARDO MAGALHÃES","")))))))) -> NOVA MUTUM | Z33: =VLOOKUP(N33,RENOVAÇÃO!A:D,4,0) -> TRILHA SEGURANÇA DO TRABALHO | AA33: =CONCATENATE("• ", Tabela1[[#This Row],[DESCRICAO]], " - ",Tabela1[[#This Row],[STATUS_GERAL]]) -> • DIREÇÃO DEFENSIVA - TEÓRICO - EM DIA – não é necessário renovar
A34: 1 | B34: GABRIEL DE OLIVEIRA | C34: 43570 | D34: NORMAL | E34: 5 | F34: GABRIEL DA SILVA OLIVEIRA BROCHADO | G34: 801 - 06:00 AS 18:00 4-3 E 3-4 A1 | H34: EXPORTAÇÃO | I34: 172 | J34: 5058 | K34: OPERADOR MAQUINAS AUTOPROPELIDAS | L34: 129 | M34: CURSO | N34: NR 20 - SEG. E TRAB. INFLAMÁVEIS E COMBUSTIVEIS CLASSE III - BASICO | P34: Concluido | Q34: 1 | R34: 1 | S34: 114 | T34: OPERAÇÕES | U34: 45945 | V34: TRIENAL | W34: -1086 | X34: =IF(Tabela1[[#This Row],[DATA_CURSO]]="", "PENDENTE", IF(Tabela1[[#This Row],[TIPO_RENOVACAO]]="QUANDO NECESSARIO", "EM DIA – não é necessário renovar", IFERROR( IF(SUM(Tabela1[[#This Row],[DATA_CURSO]],VLOOKUP(Tabela1[[#This Row],[DESCRICAO]],RENOVAÇÃO!A:C,3,0))<TODAY(), "VENCIDO – "&TEXT(SUM(Tabela1[[#This Row],[DATA_CURSO]],VLOOKUP(Tabela1[[#This Row],[DESCRICAO]],RENOVAÇÃO!A:C,3,0)),"dd/mm/aa"), "EM DIA – vence em "&TEXT(SUM(Tabela1[[#This Row],[DATA_CURSO]],VLOOKUP(Tabela1[[#This Row],[DESCRICAO]],RENOVAÇÃO!A:C,3,0)),"dd/mm/aa")), "NÃO É NECESSÁRIO RENOVAR"))) -> EM DIA – vence em 14/10/28 | Y34: =IF(Tabela1[[#This Row],[FILIAL]]=1,"SINOP",IF(Tabela1[[#This Row],[FILIAL]]=2,"DOURADOS",IF(Tabela1[[#This Row],[FILIAL]]=3,"NOVA MUTUM",IF(Tabela1[[#This Row],[FILIAL]]=4,"FULLING",IF(Tabela1[[#This Row],[FILIAL]]=5,"SÃO PAULO",IF(Tabela1[[#This Row],[FILIAL]]=6,"SIDROLÂNDIA",IF(Tabela1[[#This Row],[FILIAL]]=8,"BALSAS",IF(Tabela1[[#This Row],[FILIAL]]=10,"LUIS EDUARDO MAGALHÃES","")))))))) -> SINOP | Z34: =VLOOKUP(N34,RENOVAÇÃO!A:D,4,0) -> TRILHA SEGURANÇA DO TRABALHO | AA34: =CONCATENATE("• ", Tabela1[[#This Row],[DESCRICAO]], " - ",Tabela1[[#This Row],[STATUS_GERAL]]) -> • NR 20 - SEG. E TRAB. INFLAMÁVEIS E COMBUSTIVEIS CLASSE III - BASICO - EM DIA – vence em 14/10/28
A35: 1 | B35: GABRIEL DE OLIVEIRA | C35: 43570 | D35: NORMAL | E35: 5 | F35: GABRIEL DA SILVA OLIVEIRA BROCHADO | G35: 801 - 06:00 AS 18:00 4-3 E 3-4 A1 | H35: EXPORTAÇÃO | I35: 172 | J35: 5058 | K35: OPERADOR MAQUINAS AUTOPROPELIDAS | L35: 300 | M35: CURSO | N35: NR 26 - SINALIZAÇÃO DE SEGURANÇA | P35: Concluido | Q35: 1 | R35: 1 | S35: 102 | T35: PROCESSO INDUSTRIAL | U35: 45489 | V35: QUANDO NECESSARIO | X35: =IF(Tabela1[[#This Row],[DATA_CURSO]]="", "PENDENTE", IF(Tabela1[[#This Row],[TIPO_RENOVACAO]]="QUANDO NECESSARIO", "EM DIA – não é necessário renovar", IFERROR( IF(SUM(Tabela1[[#This Row],[DATA_CURSO]],VLOOKUP(Tabela1[[#This Row],[DESCRICAO]],RENOVAÇÃO!A:C,3,0))<TODAY(), "VENCIDO – "&TEXT(SUM(Tabela1[[#This Row],[DATA_CURSO]],VLOOKUP(Tabela1[[#This Row],[DESCRICAO]],RENOVAÇÃO!A:C,3,0)),"dd/mm/aa"), "EM DIA – vence em "&TEXT(SUM(Tabela1[[#This Row],[DATA_CURSO]],VLOOKUP(Tabela1[[#This Row],[DESCRICAO]],RENOVAÇÃO!A:C,3,0)),"dd/mm/aa")), "NÃO É NECESSÁRIO RENOVAR"))) -> EM DIA – não é necessário renovar | Y35: =IF(Tabela1[[#This Row],[FILIAL]]=1,"SINOP",IF(Tabela1[[#This Row],[FILIAL]]=2,"DOURADOS",IF(Tabela1[[#This Row],[FILIAL]]=3,"NOVA MUTUM",IF(Tabela1[[#This Row],[FILIAL]]=4,"FULLING",IF(Tabela1[[#This Row],[FILIAL]]=5,"SÃO PAULO",IF(Tabela1[[#This Row],[FILIAL]]=6,"SIDROLÂNDIA",IF(Tabela1[[#This Row],[FILIAL]]=8,"BALSAS",IF(Tabela1[[#This Row],[FILIAL]]=10,"LUIS EDUARDO MAGALHÃES","")))))))) -> SINOP | Z35: =VLOOKUP(N35,RENOVAÇÃO!A:D,4,0) -> TRILHA SEGURANÇA DO TRABALHO | AA35: =CONCATENATE("• ", Tabela1[[#This Row],[DESCRICAO]], " - ",Tabela1[[#This Row],[STATUS_GERAL]]) -> • NR 26 - SINALIZAÇÃO DE SEGURANÇA - EM DIA – não é necessário renovar
A36: 1 | B36: GABRIEL DE OLIVEIRA | C36: 43570 | D36: NORMAL | E36: 5 | F36: GABRIEL DA SILVA OLIVEIRA BROCHADO | G36: 801 - 06:00 AS 18:00 4-3 E 3-4 A1 | H36: EXPORTAÇÃO | I36: 172 | J36: 5058 | K36: OPERADOR MAQUINAS AUTOPROPELIDAS | L36: 82 | M36: CURSO | N36: NR 20 - SEG. E TRAB. INFLAMÁVEIS E COMBUSTIVEIS CLASSE III - AVANÇADO | P36: Concluido | Q36: 1 | R36: 1 | S36: 102 | T36: PROCESSO INDUSTRIAL | U36: 45602 | V36: ANUAL | W36: -13 | X36: =IF(Tabela1[[#This Row],[DATA_CURSO]]="", "PENDENTE", IF(Tabela1[[#This Row],[TIPO_RENOVACAO]]="QUANDO NECESSARIO", "EM DIA – não é necessário renovar", IFERROR( IF(SUM(Tabela1[[#This Row],[DATA_CURSO]],VLOOKUP(Tabela1[[#This Row],[DESCRICAO]],RENOVAÇÃO!A:C,3,0))<TODAY(), "VENCIDO – "&TEXT(SUM(Tabela1[[#This Row],[DATA_CURSO]],VLOOKUP(Tabela1[[#This Row],[DESCRICAO]],RENOVAÇÃO!A:C,3,0)),"dd/mm/aa"), "EM DIA – vence em "&TEXT(SUM(Tabela1[[#This Row],[DATA_CURSO]],VLOOKUP(Tabela1[[#This Row],[DESCRICAO]],RENOVAÇÃO!A:C,3,0)),"dd/mm/aa")), "NÃO É NECESSÁRIO RENOVAR"))) -> EM DIA – vence em 06/11/25 | Y36: =IF(Tabela1[[#This Row],[FILIAL]]=1,"SINOP",IF(Tabela1[[#This Row],[FILIAL]]=2,"DOURADOS",IF(Tabela1[[#This Row],[FILIAL]]=3,"NOVA MUTUM",IF(Tabela1[[#This Row],[FILIAL]]=4,"FULLING",IF(Tabela1[[#This Row],[FILIAL]]=5,"SÃO PAULO",IF(Tabela1[[#This Row],[FILIAL]]=6,"SIDROLÂNDIA",IF(Tabela1[[#This Row],[FILIAL]]=8,"BALSAS",IF(Tabela1[[#This Row],[FILIAL]]=10,"LUIS EDUARDO MAGALHÃES","")))))))) -> SINOP | Z36: =VLOOKUP(N36,RENOVAÇÃO!A:D,4,0) -> TRILHA SEGURANÇA DO TRABALHO | AA36: =CONCATENATE("• ", Tabela1[[#This Row],[DESCRICAO]], " - ",Tabela1[[#This Row],[STATUS_GERAL]]) -> • NR 20 - SEG. E TRAB. INFLAMÁVEIS E COMBUSTIVEIS CLASSE III - AVANÇADO - EM DIA – vence em 06/11/25
A37: 1 | B37: GABRIEL DE OLIVEIRA | C37: 43570 | D37: NORMAL | E37: 5 | F37: GABRIEL DA SILVA OLIVEIRA BROCHADO | G37: 801 - 06:00 AS 18:00 4-3 E 3-4 A1 | H37: EXPORTAÇÃO | I37: 172 | J37: 5058 | K37: OPERADOR MAQUINAS AUTOPROPELIDAS | L37: 2 | M37: CURSO | N37: NR 35 - TRABALHO EM ALTURA | P37: Concluido | Q37: 1 | R37: 1 | S37: 80 | T37: MANUTENÇÃO INDUSTRIAL | U37: 45349 | V37: BIENAL | W37: -125 | X37: =IF(Tabela1[[#This Row],[DATA_CURSO]]="", "PENDENTE", IF(Tabela1[[#This Row],[TIPO_RENOVACAO]]="QUANDO NECESSARIO", "EM DIA – não é necessário renovar", IFERROR( IF(SUM(Tabela1[[#This Row],[DATA_CURSO]],VLOOKUP(Tabela1[[#This Row],[DESCRICAO]],RENOVAÇÃO!A:C,3,0))<TODAY(), "VENCIDO – "&TEXT(SUM(Tabela1[[#This Row],[DATA_CURSO]],VLOOKUP(Tabela1[[#This Row],[DESCRICAO]],RENOVAÇÃO!A:C,3,0)),"dd/mm/aa"), "EM DIA – vence em "&TEXT(SUM(Tabela1[[#This Row],[DATA_CURSO]],VLOOKUP(Tabela1[[#This Row],[DESCRICAO]],RENOVAÇÃO!A:C,3,0)),"dd/mm/aa")), "NÃO É NECESSÁRIO RENOVAR"))) -> EM DIA – vence em 26/02/26 | Y37: =IF(Tabela1[[#This Row],[FILIAL]]=1,"SINOP",IF(Tabela1[[#This Row],[FILIAL]]=2,"DOURADOS",IF(Tabela1[[#This Row],[FILIAL]]=3,"NOVA MUTUM",IF(Tabela1[[#This Row],[FILIAL]]=4,"FULLING",IF(Tabela1[[#This Row],[FILIAL]]=5,"SÃO PAULO",IF(Tabela1[[#This Row],[FILIAL]]=6,"SIDROLÂNDIA",IF(Tabela1[[#This Row],[FILIAL]]=8,"BALSAS",IF(Tabela1[[#This Row],[FILIAL]]=10,"LUIS EDUARDO MAGALHÃES","")))))))) -> SINOP | Z37: =VLOOKUP(N37,RENOVAÇÃO!A:D,4,0) -> TRILHA SEGURANÇA DO TRABALHO | AA37: =CONCATENATE("• ", Tabela1[[#This Row],[DESCRICAO]], " - ",Tabela1[[#This Row],[STATUS_GERAL]]) -> • NR 35 - TRABALHO EM ALTURA - EM DIA – vence em 26/02/26
A38: 1 | B38: GABRIEL DE OLIVEIRA | C38: 43570 | D38: NORMAL | E38: 5 | F38: GABRIEL DA SILVA OLIVEIRA BROCHADO | G38: 801 - 06:00 AS 18:00 4-3 E 3-4 A1 | H38: EXPORTAÇÃO | I38: 172 | J38: 5058 | K38: OPERADOR MAQUINAS AUTOPROPELIDAS | L38: 322 | M38: CURSO | N38: BLOQUEIO E SINALIZAÇÃO DE ENERGIAS PERIGOSAS - LOCKOUT/TAGOUT - NR10 E NR12 | P38: Concluido | Q38: 1 | R38: 3 | S38: 114 | T38: OPERAÇÕES | U38: 44865 | V38: QUANDO NECESSARIO | X38: =IF(Tabela1[[#This Row],[DATA_CURSO]]="", "PENDENTE", IF(Tabela1[[#This Row],[TIPO_RENOVACAO]]="QUANDO NECESSARIO", "EM DIA – não é necessário renovar", IFERROR( IF(SUM(Tabela1[[#This Row],[DATA_CURSO]],VLOOKUP(Tabela1[[#This Row],[DESCRICAO]],RENOVAÇÃO!A:C,3,0))<TODAY(), "VENCIDO – "&TEXT(SUM(Tabela1[[#This Row],[DATA_CURSO]],VLOOKUP(Tabela1[[#This Row],[DESCRICAO]],RENOVAÇÃO!A:C,3,0)),"dd/mm/aa"), "EM DIA – vence em "&TEXT(SUM(Tabela1[[#This Row],[DATA_CURSO]],VLOOKUP(Tabela1[[#This Row],[DESCRICAO]],RENOVAÇÃO!A:C,3,0)),"dd/mm/aa")), "NÃO É NECESSÁRIO RENOVAR"))) -> EM DIA – não é necessário renovar | Y38: =IF(Tabela1[[#This Row],[FILIAL]]=1,"SINOP",IF(Tabela1[[#This Row],[FILIAL]]=2,"DOURADOS",IF(Tabela1[[#This Row],[FILIAL]]=3,"NOVA MUTUM",IF(Tabela1[[#This Row],[FILIAL]]=4,"FULLING",IF(Tabela1[[#This Row],[FILIAL]]=5,"SÃO PAULO",IF(Tabela1[[#This Row],[FILIAL]]=6,"SIDROLÂNDIA",IF(Tabela1[[#This Row],[FILIAL]]=8,"BALSAS",IF(Tabela1[[#This Row],[FILIAL]]=10,"LUIS EDUARDO MAGALHÃES","")))))))) -> NOVA MUTUM | Z38: =VLOOKUP(N38,RENOVAÇÃO!A:D,4,0) -> TRILHA SEGURANÇA DO TRABALHO | AA38: =CONCATENATE("• ", Tabela1[[#This Row],[DESCRICAO]], " - ",Tabela1[[#This Row],[STATUS_GERAL]]) -> • BLOQUEIO E SINALIZAÇÃO DE ENERGIAS PERIGOSAS - LOCKOUT/TAGOUT - NR10 E NR12 - EM DIA – não é necessário renovar
A39: 1 | B39: GABRIEL DE OLIVEIRA | C39: 43570 | D39: NORMAL | E39: 5 | F39: GABRIEL DA SILVA OLIVEIRA BROCHADO | G39: 801 - 06:00 AS 18:00 4-3 E 3-4 A1 | H39: EXPORTAÇÃO | I39: 172 | J39: 5058 | K39: OPERADOR MAQUINAS AUTOPROPELIDAS | L39: 320 | M39: CURSO | N39: NR 35 - TRABALHO EM ALTURA | P39: Concluido | Q39: 1 | R39: 1 | S39: 102 | T39: PROCESSO INDUSTRIAL | U39: 45834 | V39: BIENAL | W39: -610 | X39: =IF(Tabela1[[#This Row],[DATA_CURSO]]="", "PENDENTE", IF(Tabela1[[#This Row],[TIPO_RENOVACAO]]="QUANDO NECESSARIO", "EM DIA – não é necessário renovar", IFERROR( IF(SUM(Tabela1[[#This Row],[DATA_CURSO]],VLOOKUP(Tabela1[[#This Row],[DESCRICAO]],RENOVAÇÃO!A:C,3,0))<TODAY(), "VENCIDO – "&TEXT(SUM(Tabela1[[#This Row],[DATA_CURSO]],VLOOKUP(Tabela1[[#This Row],[DESCRICAO]],RENOVAÇÃO!A:C,3,0)),"dd/mm/aa"), "EM DIA – vence em "&TEXT(SUM(Tabela1[[#This Row],[DATA_CURSO]],VLOOKUP(Tabela1[[#This Row],[DESCRICAO]],RENOVAÇÃO!A:C,3,0)),"dd/mm/aa")), "NÃO É NECESSÁRIO RENOVAR"))) -> EM DIA – vence em 26/06/27 | Y39: =IF(Tabela1[[#This Row],[FILIAL]]=1,"SINOP",IF(Tabela1[[#This Row],[FILIAL]]=2,"DOURADOS",IF(Tabela1[[#This Row],[FILIAL]]=3,"NOVA MUTUM",IF(Tabela1[[#This Row],[FILIAL]]=4,"FULLING",IF(Tabela1[[#This Row],[FILIAL]]=5,"SÃO PAULO",IF(Tabela1[[#This Row],[FILIAL]]=6,"SIDROLÂNDIA",IF(Tabela1[[#This Row],[FILIAL]]=8,"BALSAS",IF(Tabela1[[#This Row],[FILIAL]]=10,"LUIS EDUARDO MAGALHÃES","")))))))) -> SINOP | Z39: =VLOOKUP(N39,RENOVAÇÃO!A:D,4,0) -> TRILHA SEGURANÇA DO TRABALHO | AA39: =CONCATENATE("• ", Tabela1[[#This Row],[DESCRICAO]], " - ",Tabela1[[#This Row],[STATUS_GERAL]]) -> • NR 35 - TRABALHO EM ALTURA - EM DIA – vence em 26/06/27
A40: 1 | B40: GABRIEL DE OLIVEIRA | C40: 43570 | D40: NORMAL | E40: 5 | F40: GABRIEL DA SILVA OLIVEIRA BROCHADO | G40: 801 - 06:00 AS 18:00 4-3 E 3-4 A1 | H40: EXPORTAÇÃO | I40: 172 | J40: 5058 | K40: OPERADOR MAQUINAS AUTOPROPELIDAS | L40: 308 | M40: CURSO | N40: NR 20 - SEG. E TRAB. INFLAMÁVEIS E COMBUSTIVEIS CLASSE III - BASICO | P40: Concluido | Q40: 1 | R40: 1 | S40: 80 | T40: MANUTENÇÃO INDUSTRIAL | U40: 44889 | V40: TRIENAL | W40: -30 | X40: =IF(Tabela1[[#This Row],[DATA_CURSO]]="", "PENDENTE", IF(Tabela1[[#This Row],[TIPO_RENOVACAO]]="QUANDO NECESSARIO", "EM DIA – não é necessário renovar", IFERROR( IF(SUM(Tabela1[[#This Row],[DATA_CURSO]],VLOOKUP(Tabela1[[#This Row],[DESCRICAO]],RENOVAÇÃO!A:C,3,0))<TODAY(), "VENCIDO – "&TEXT(SUM(Tabela1[[#This Row],[DATA_CURSO]],VLOOKUP(Tabela1[[#This Row],[DESCRICAO]],RENOVAÇÃO!A:C,3,0)),"dd/mm/aa"), "EM DIA – vence em "&TEXT(SUM(Tabela1[[#This Row],[DATA_CURSO]],VLOOKUP(Tabela1[[#This Row],[DESCRICAO]],RENOVAÇÃO!A:C,3,0)),"dd/mm/aa")), "NÃO É NECESSÁRIO RENOVAR"))) -> EM DIA – vence em 23/11/25 | Y40: =IF(Tabela1[[#This Row],[FILIAL]]=1,"SINOP",IF(Tabela1[[#This Row],[FILIAL]]=2,"DOURADOS",IF(Tabela1[[#This Row],[FILIAL]]=3,"NOVA MUTUM",IF(Tabela1[[#This Row],[FILIAL]]=4,"FULLING",IF(Tabela1[[#This Row],[FILIAL]]=5,"SÃO PAULO",IF(Tabela1[[#This Row],[FILIAL]]=6,"SIDROLÂNDIA",IF(Tabela1[[#This Row],[FILIAL]]=8,"BALSAS",IF(Tabela1[[#This Row],[FILIAL]]=10,"LUIS EDUARDO MAGALHÃES","")))))))) -> SINOP | Z40: =VLOOKUP(N40,RENOVAÇÃO!A:D,4,0) -> TRILHA SEGURANÇA DO TRABALHO | AA40: =CONCATENATE("• ", Tabela1[[#This Row],[DESCRICAO]], " - ",Tabela1[[#This Row],[STATUS_GERAL]]) -> • NR 20 - SEG. E TRAB. INFLAMÁVEIS E COMBUSTIVEIS CLASSE III - BASICO - EM DIA – vence em 23/11/25
A41: 1 | B41: GABRIEL DE OLIVEIRA | C41: 43570 | D41: NORMAL | E41: 5 | F41: GABRIEL DA SILVA OLIVEIRA BROCHADO | G41: 801 - 06:00 AS 18:00 4-3 E 3-4 A1 | H41: EXPORTAÇÃO | I41: 172 | J41: 5058 | K41: OPERADOR MAQUINAS AUTOPROPELIDAS | L41: 295 | M41: CURSO | N41: NR 20 - SEG. E TRAB. INFLAMÁVEIS E COMBUSTIVEIS CLASSE III - BASICO | P41: Concluido | Q41: 1 | R41: 8 | S41: 78 | T41: ADMINISTRAÇÃO | U41: 45404 | V41: TRIENAL | W41: -545 | X41: =IF(Tabela1[[#This Row],[DATA_CURSO]]="", "PENDENTE", IF(Tabela1[[#This Row],[TIPO_RENOVACAO]]="QUANDO NECESSARIO", "EM DIA – não é necessário renovar", IFERROR( IF(SUM(Tabela1[[#This Row],[DATA_CURSO]],VLOOKUP(Tabela1[[#This Row],[DESCRICAO]],RENOVAÇÃO!A:C,3,0))<TODAY(), "VENCIDO – "&TEXT(SUM(Tabela1[[#This Row],[DATA_CURSO]],VLOOKUP(Tabela1[[#This Row],[DESCRICAO]],RENOVAÇÃO!A:C,3,0)),"dd/mm/aa"), "EM DIA – vence em "&TEXT(SUM(Tabela1[[#This Row],[DATA_CURSO]],VLOOKUP(Tabela1[[#This Row],[DESCRICAO]],RENOVAÇÃO!A:C,3,0)),"dd/mm/aa")), "NÃO É NECESSÁRIO RENOVAR"))) -> EM DIA – vence em 22/04/27 | Y41: =IF(Tabela1[[#This Row],[FILIAL]]=1,"SINOP",IF(Tabela1[[#This Row],[FILIAL]]=2,"DOURADOS",IF(Tabela1[[#This Row],[FILIAL]]=3,"NOVA MUTUM",IF(Tabela1[[#This Row],[FILIAL]]=4,"FULLING",IF(Tabela1[[#This Row],[FILIAL]]=5,"SÃO PAULO",IF(Tabela1[[#This Row],[FILIAL]]=6,"SIDROLÂNDIA",IF(Tabela1[[#This Row],[FILIAL]]=8,"BALSAS",IF(Tabela1[[#This Row],[FILIAL]]=10,"LUIS EDUARDO MAGALHÃES","")))))))) -> BALSAS | Z41: =VLOOKUP(N41,RENOVAÇÃO!A:D,4,0) -> TRILHA SEGURANÇA DO TRABALHO | AA41: =CONCATENATE("• ", Tabela1[[#This Row],[DESCRICAO]], " - ",Tabela1[[#This Row],[STATUS_GERAL]]) -> • NR 20 - SEG. E TRAB. INFLAMÁVEIS E COMBUSTIVEIS CLASSE III - BASICO - EM DIA – vence em 22/04/27
A42: 1 | B42: GABRIEL DE OLIVEIRA | C42: 43570 | D42: NORMAL | E42: 5 | F42: GABRIEL DA SILVA OLIVEIRA BROCHADO | G42: 801 - 06:00 AS 18:00 4-3 E 3-4 A1 | H42: EXPORTAÇÃO | I42: 172 | J42: 5058 | K42: OPERADOR MAQUINAS AUTOPROPELIDAS | L42: 302 | M42: CURSO | N42: NR 20 - SEG. E TRAB. INFLAMÁVEIS E COMBUSTIVEIS CLASSE III - AVANÇADO | P42: Concluido | Q42: 1 | R42: 1 | S42: 102 | T42: PROCESSO INDUSTRIAL | U42: 45607 | V42: ANUAL | W42: -18 | X42: =IF(Tabela1[[#This Row],[DATA_CURSO]]="", "PENDENTE", IF(Tabela1[[#This Row],[TIPO_RENOVACAO]]="QUANDO NECESSARIO", "EM DIA – não é necessário renovar", IFERROR( IF(SUM(Tabela1[[#This Row],[DATA_CURSO]],VLOOKUP(Tabela1[[#This Row],[DESCRICAO]],RENOVAÇÃO!A:C,3,0))<TODAY(), "VENCIDO – "&TEXT(SUM(Tabela1[[#This Row],[DATA_CURSO]],VLOOKUP(Tabela1[[#This Row],[DESCRICAO]],RENOVAÇÃO!A:C,3,0)),"dd/mm/aa"), "EM DIA – vence em "&TEXT(SUM(Tabela1[[#This Row],[DATA_CURSO]],VLOOKUP(Tabela1[[#This Row],[DESCRICAO]],RENOVAÇÃO!A:C,3,0)),"dd/mm/aa")), "NÃO É NECESSÁRIO RENOVAR"))) -> EM DIA – vence em 11/11/25 | Y42: =IF(Tabela1[[#This Row],[FILIAL]]=1,"SINOP",IF(Tabela1[[#This Row],[FILIAL]]=2,"DOURADOS",IF(Tabela1[[#This Row],[FILIAL]]=3,"NOVA MUTUM",IF(Tabela1[[#This Row],[FILIAL]]=4,"FULLING",IF(Tabela1[[#This Row],[FILIAL]]=5,"SÃO PAULO",IF(Tabela1[[#This Row],[FILIAL]]=6,"SIDROLÂNDIA",IF(Tabela1[[#This Row],[FILIAL]]=8,"BALSAS",IF(Tabela1[[#This Row],[FILIAL]]=10,"LUIS EDUARDO MAGALHÃES","")))))))) -> SINOP | Z42: =VLOOKUP(N42,RENOVAÇÃO!A:D,4,0) -> TRILHA SEGURANÇA DO TRABALHO | AA42: =CONCATENATE("• ", Tabela1[[#This Row],[DESCRICAO]], " - ",Tabela1[[#This Row],[STATUS_GERAL]]) -> • NR 20 - SEG. E TRAB. INFLAMÁVEIS E COMBUSTIVEIS CLASSE III - AVANÇADO - EM DIA – vence em 11/11/25
A43: 1 | B43: GABRIEL DE OLIVEIRA | C43: 43570 | D43: NORMAL | E43: 5 | F43: GABRIEL DA SILVA OLIVEIRA BROCHADO | G43: 801 - 06:00 AS 18:00 4-3 E 3-4 A1 | H43: EXPORTAÇÃO | I43: 172 | J43: 5058 | K43: OPERADOR MAQUINAS AUTOPROPELIDAS | L43: 318 | M43: CURSO | N43: NR 33 - SEGURANÇA E SAUDE NOS TRABALHOS EM ESPAÇOS CONFINADOS - VIGIA E TRABALHADOR | P43: Concluido | Q43: 1 | R43: 1 | S43: 102 | T43: PROCESSO INDUSTRIAL | U43: 45707 | V43: ANUAL | W43: -118 | X43: =IF(Tabela1[[#This Row],[DATA_CURSO]]="", "PENDENTE", IF(Tabela1[[#This Row],[TIPO_RENOVACAO]]="QUANDO NECESSARIO", "EM DIA – não é necessário renovar", IFERROR( IF(SUM(Tabela1[[#This Row],[DATA_CURSO]],VLOOKUP(Tabela1[[#This Row],[DESCRICAO]],RENOVAÇÃO!A:C,3,0))<TODAY(), "VENCIDO – "&TEXT(SUM(Tabela1[[#This Row],[DATA_CURSO]],VLOOKUP(Tabela1[[#This Row],[DESCRICAO]],RENOVAÇÃO!A:C,3,0)),"dd/mm/aa"), "EM DIA – vence em "&TEXT(SUM(Tabela1[[#This Row],[DATA_CURSO]],VLOOKUP(Tabela1[[#This Row],[DESCRICAO]],RENOVAÇÃO!A:C,3,0)),"dd/mm/aa")), "NÃO É NECESSÁRIO RENOVAR"))) -> EM DIA – vence em 19/02/26 | Y43: =IF(Tabela1[[#This Row],[FILIAL]]=1,"SINOP",IF(Tabela1[[#This Row],[FILIAL]]=2,"DOURADOS",IF(Tabela1[[#This Row],[FILIAL]]=3,"NOVA MUTUM",IF(Tabela1[[#This Row],[FILIAL]]=4,"FULLING",IF(Tabela1[[#This Row],[FILIAL]]=5,"SÃO PAULO",IF(Tabela1[[#This Row],[FILIAL]]=6,"SIDROLÂNDIA",IF(Tabela1[[#This Row],[FILIAL]]=8,"BALSAS",IF(Tabela1[[#This Row],[FILIAL]]=10,"LUIS EDUARDO MAGALHÃES","")))))))) -> SINOP | Z43: =VLOOKUP(N43,RENOVAÇÃO!A:D,4,0) -> TRILHA SEGURANÇA DO TRABALHO | AA43: =CONCATENATE("• ", Tabela1[[#This Row],[DESCRICAO]], " - ",Tabela1[[#This Row],[STATUS_GERAL]]) -> • NR 33 - SEGURANÇA E SAUDE NOS TRABALHOS EM ESPAÇOS CONFINADOS - VIGIA E TRABALHADOR - EM DIA – vence em 19/02/26
A44: 1 | B44: GABRIEL DE OLIVEIRA | C44: 43570 | D44: NORMAL | E44: 5 | F44: GABRIEL DA SILVA OLIVEIRA BROCHADO | G44: 801 - 06:00 AS 18:00 4-3 E 3-4 A1 | H44: EXPORTAÇÃO | I44: 172 | J44: 5058 | K44: OPERADOR MAQUINAS AUTOPROPELIDAS | L44: 319 | M44: CURSO | N44: NR 26 - SINALIZAÇÃO DE SEGURANÇA | P44: Concluido | Q44: 1 | R44: 8 | S44: 102 | T44: PROCESSO INDUSTRIAL | U44: 45489 | V44: QUANDO NECESSARIO | X44: =IF(Tabela1[[#This Row],[DATA_CURSO]]="", "PENDENTE", IF(Tabela1[[#This Row],[TIPO_RENOVACAO]]="QUANDO NECESSARIO", "EM DIA – não é necessário renovar", IFERROR( IF(SUM(Tabela1[[#This Row],[DATA_CURSO]],VLOOKUP(Tabela1[[#This Row],[DESCRICAO]],RENOVAÇÃO!A:C,3,0))<TODAY(), "VENCIDO – "&TEXT(SUM(Tabela1[[#This Row],[DATA_CURSO]],VLOOKUP(Tabela1[[#This Row],[DESCRICAO]],RENOVAÇÃO!A:C,3,0)),"dd/mm/aa"), "EM DIA – vence em "&TEXT(SUM(Tabela1[[#This Row],[DATA_CURSO]],VLOOKUP(Tabela1[[#This Row],[DESCRICAO]],RENOVAÇÃO!A:C,3,0)),"dd/mm/aa")), "NÃO É NECESSÁRIO RENOVAR"))) -> EM DIA – não é necessário renovar | Y44: =IF(Tabela1[[#This Row],[FILIAL]]=1,"SINOP",IF(Tabela1[[#This Row],[FILIAL]]=2,"DOURADOS",IF(Tabela1[[#This Row],[FILIAL]]=3,"NOVA MUTUM",IF(Tabela1[[#This Row],[FILIAL]]=4,"FULLING",IF(Tabela1[[#This Row],[FILIAL]]=5,"SÃO PAULO",IF(Tabela1[[#This Row],[FILIAL]]=6,"SIDROLÂNDIA",IF(Tabela1[[#This Row],[FILIAL]]=8,"BALSAS",IF(Tabela1[[#This Row],[FILIAL]]=10,"LUIS EDUARDO MAGALHÃES","")))))))) -> BALSAS | Z44: =VLOOKUP(N44,RENOVAÇÃO!A:D,4,0) -> TRILHA SEGURANÇA DO TRABALHO | AA44: =CONCATENATE("• ", Tabela1[[#This Row],[DESCRICAO]], " - ",Tabela1[[#This Row],[STATUS_GERAL]]) -> • NR 26 - SINALIZAÇÃO DE SEGURANÇA - EM DIA – não é necessário renovar
A45: 1 | B45: GABRIEL DE OLIVEIRA | C45: 43570 | D45: NORMAL | E45: 5 | F45: GABRIEL DA SILVA OLIVEIRA BROCHADO | G45: 801 - 06:00 AS 18:00 4-3 E 3-4 A1 | H45: EXPORTAÇÃO | I45: 172 | J45: 5058 | K45: OPERADOR MAQUINAS AUTOPROPELIDAS | L45: 104 | M45: CURSO | N45: BLOQUEIO E SINALIZAÇÃO DE ENERGIAS PERIGOSAS - LOCKOUT/TAGOUT - NR10 E NR12 | P45: Concluido | Q45: 1 | R45: 3 | S45: 102 | T45: PROCESSO INDUSTRIAL | U45: 44851 | V45: QUANDO NECESSARIO | X45: =IF(Tabela1[[#This Row],[DATA_CURSO]]="", "PENDENTE", IF(Tabela1[[#This Row],[TIPO_RENOVACAO]]="QUANDO NECESSARIO", "EM DIA – não é necessário renovar", IFERROR( IF(SUM(Tabela1[[#This Row],[DATA_CURSO]],VLOOKUP(Tabela1[[#This Row],[DESCRICAO]],RENOVAÇÃO!A:C,3,0))<TODAY(), "VENCIDO – "&TEXT(SUM(Tabela1[[#This Row],[DATA_CURSO]],VLOOKUP(Tabela1[[#This Row],[DESCRICAO]],RENOVAÇÃO!A:C,3,0)),"dd/mm/aa"), "EM DIA – vence em "&TEXT(SUM(Tabela1[[#This Row],[DATA_CURSO]],VLOOKUP(Tabela1[[#This Row],[DESCRICAO]],RENOVAÇÃO!A:C,3,0)),"dd/mm/aa")), "NÃO É NECESSÁRIO RENOVAR"))) -> EM DIA – não é necessário renovar | Y45: =IF(Tabela1[[#This Row],[FILIAL]]=1,"SINOP",IF(Tabela1[[#This Row],[FILIAL]]=2,"DOURADOS",IF(Tabela1[[#This Row],[FILIAL]]=3,"NOVA MUTUM",IF(Tabela1[[#This Row],[FILIAL]]=4,"FULLING",IF(Tabela1[[#This Row],[FILIAL]]=5,"SÃO PAULO",IF(Tabela1[[#This Row],[FILIAL]]=6,"SIDROLÂNDIA",IF(Tabela1[[#This Row],[FILIAL]]=8,"BALSAS",IF(Tabela1[[#This Row],[FILIAL]]=10,"LUIS EDUARDO MAGALHÃES","")))))))) -> NOVA MUTUM | Z45: =VLOOKUP(N45,RENOVAÇÃO!A:D,4,0) -> TRILHA SEGURANÇA DO TRABALHO | AA45: =CONCATENATE("• ", Tabela1[[#This Row],[DESCRICAO]], " - ",Tabela1[[#This Row],[STATUS_GERAL]]) -> • BLOQUEIO E SINALIZAÇÃO DE ENERGIAS PERIGOSAS - LOCKOUT/TAGOUT - NR10 E NR12 - EM DIA – não é necessário renovar
A46: 1 | B46: GABRIEL DE OLIVEIRA | C46: 43570 | D46: NORMAL | E46: 5 | F46: GABRIEL DA SILVA OLIVEIRA BROCHADO | G46: 801 - 06:00 AS 18:00 4-3 E 3-4 A1 | H46: EXPORTAÇÃO | I46: 172 | J46: 5058 | K46: OPERADOR MAQUINAS AUTOPROPELIDAS | L46: 123 | M46: CURSO | N46: NR 35 - TRABALHO EM ALTURA | P46: Concluido | Q46: 1 | R46: 1 | S46: 114 | T46: OPERAÇÕES | U46: 45827 | V46: BIENAL | W46: -603 | X46: =IF(Tabela1[[#This Row],[DATA_CURSO]]="", "PENDENTE", IF(Tabela1[[#This Row],[TIPO_RENOVACAO]]="QUANDO NECESSARIO", "EM DIA – não é necessário renovar", IFERROR( IF(SUM(Tabela1[[#This Row],[DATA_CURSO]],VLOOKUP(Tabela1[[#This Row],[DESCRICAO]],RENOVAÇÃO!A:C,3,0))<TODAY(), "VENCIDO – "&TEXT(SUM(Tabela1[[#This Row],[DATA_CURSO]],VLOOKUP(Tabela1[[#This Row],[DESCRICAO]],RENOVAÇÃO!A:C,3,0)),"dd/mm/aa"), "EM DIA – vence em "&TEXT(SUM(Tabela1[[#This Row],[DATA_CURSO]],VLOOKUP(Tabela1[[#This Row],[DESCRICAO]],RENOVAÇÃO!A:C,3,0)),"dd/mm/aa")), "NÃO É NECESSÁRIO RENOVAR"))) -> EM DIA – vence em 19/06/27 | Y46: =IF(Tabela1[[#This Row],[FILIAL]]=1,"SINOP",IF(Tabela1[[#This Row],[FILIAL]]=2,"DOURADOS",IF(Tabela1[[#This Row],[FILIAL]]=3,"NOVA MUTUM",IF(Tabela1[[#This Row],[FILIAL]]=4,"FULLING",IF(Tabela1[[#This Row],[FILIAL]]=5,"SÃO PAULO",IF(Tabela1[[#This Row],[FILIAL]]=6,"SIDROLÂNDIA",IF(Tabela1[[#This Row],[FILIAL]]=8,"BALSAS",IF(Tabela1[[#This Row],[FILIAL]]=10,"LUIS EDUARDO MAGALHÃES","")))))))) -> SINOP | Z46: =VLOOKUP(N46,RENOVAÇÃO!A:D,4,0) -> TRILHA SEGURANÇA DO TRABALHO | AA46: =CONCATENATE("• ", Tabela1[[#This Row],[DESCRICAO]], " - ",Tabela1[[#This Row],[STATUS_GERAL]]) -> • NR 35 - TRABALHO EM ALTURA - EM DIA – vence em 19/06/27
A47: 1 | B47: GABRIEL DE OLIVEIRA | C47: 43570 | D47: NORMAL | E47: 5 | F47: GABRIEL DA SILVA OLIVEIRA BROCHADO | G47: 801 - 06:00 AS 18:00 4-3 E 3-4 A1 | H47: EXPORTAÇÃO | I47: 172 | J47: 5058 | K47: OPERADOR MAQUINAS AUTOPROPELIDAS | L47: 235 | M47: CURSO | N47: NR 20 - SEG. E TRAB. INFLAMÁVEIS E COMBUSTIVEIS CLASSE III - INTERMEDIÁRIO | P47: Concluido | Q47: 1 | R47: 8 | S47: 80 | T47: MANUTENÇÃO INDUSTRIAL | U47: 45889 | V47: BIENAL | W47: -665 | X47: =IF(Tabela1[[#This Row],[DATA_CURSO]]="", "PENDENTE", IF(Tabela1[[#This Row],[TIPO_RENOVACAO]]="QUANDO NECESSARIO", "EM DIA – não é necessário renovar", IFERROR( IF(SUM(Tabela1[[#This Row],[DATA_CURSO]],VLOOKUP(Tabela1[[#This Row],[DESCRICAO]],RENOVAÇÃO!A:C,3,0))<TODAY(), "VENCIDO – "&TEXT(SUM(Tabela1[[#This Row],[DATA_CURSO]],VLOOKUP(Tabela1[[#This Row],[DESCRICAO]],RENOVAÇÃO!A:C,3,0)),"dd/mm/aa"), "EM DIA – vence em "&TEXT(SUM(Tabela1[[#This Row],[DATA_CURSO]],VLOOKUP(Tabela1[[#This Row],[DESCRICAO]],RENOVAÇÃO!A:C,3,0)),"dd/mm/aa")), "NÃO É NECESSÁRIO RENOVAR"))) -> EM DIA – vence em 20/08/27 | Y47: =IF(Tabela1[[#This Row],[FILIAL]]=1,"SINOP",IF(Tabela1[[#This Row],[FILIAL]]=2,"DOURADOS",IF(Tabela1[[#This Row],[FILIAL]]=3,"NOVA MUTUM",IF(Tabela1[[#This Row],[FILIAL]]=4,"FULLING",IF(Tabela1[[#This Row],[FILIAL]]=5,"SÃO PAULO",IF(Tabela1[[#This Row],[FILIAL]]=6,"SIDROLÂNDIA",IF(Tabela1[[#This Row],[FILIAL]]=8,"BALSAS",IF(Tabela1[[#This Row],[FILIAL]]=10,"LUIS EDUARDO MAGALHÃES","")))))))) -> BALSAS | Z47: =VLOOKUP(N47,RENOVAÇÃO!A:D,4,0) -> TRILHA SEGURANÇA DO TRABALHO | AA47: =CONCATENATE("• ", Tabela1[[#This Row],[DESCRICAO]], " - ",Tabela1[[#This Row],[STATUS_GERAL]]) -> • NR 20 - SEG. E TRAB. INFLAMÁVEIS E COMBUSTIVEIS CLASSE III - INTERMEDIÁRIO - EM DIA – vence em 20/08/27
A48: 1 | B48: GABRIEL DE OLIVEIRA | C48: 43570 | D48: NORMAL | E48: 5 | F48: GABRIEL DA SILVA OLIVEIRA BROCHADO | G48: 801 - 06:00 AS 18:00 4-3 E 3-4 A1 | H48: EXPORTAÇÃO | I48: 172 | J48: 5058 | K48: OPERADOR MAQUINAS AUTOPROPELIDAS | L48: 321 | M48: CURSO | N48: NR 11 - OPERAÇÃO DE TALHAS E PONTE ROLANTE | Q48: 1 | R48: 8 | S48: 80 | T48: MANUTENÇÃO INDUSTRIAL | V48: BIENAL | X48: =IF(Tabela1[[#This Row],[DATA_CURSO]]="", "PENDENTE", IF(Tabela1[[#This Row],[TIPO_RENOVACAO]]="QUANDO NECESSARIO", "EM DIA – não é necessário renovar", IFERROR( IF(SUM(Tabela1[[#This Row],[DATA_CURSO]],VLOOKUP(Tabela1[[#This Row],[DESCRICAO]],RENOVAÇÃO!A:C,3,0))<TODAY(), "VENCIDO – "&TEXT(SUM(Tabela1[[#This Row],[DATA_CURSO]],VLOOKUP(Tabela1[[#This Row],[DESCRICAO]],RENOVAÇÃO!A:C,3,0)),"dd/mm/aa"), "EM DIA – vence em "&TEXT(SUM(Tabela1[[#This Row],[DATA_CURSO]],VLOOKUP(Tabela1[[#This Row],[DESCRICAO]],RENOVAÇÃO!A:C,3,0)),"dd/mm/aa")), "NÃO É NECESSÁRIO RENOVAR"))) -> PENDENTE | Y48: =IF(Tabela1[[#This Row],[FILIAL]]=1,"SINOP",IF(Tabela1[[#This Row],[FILIAL]]=2,"DOURADOS",IF(Tabela1[[#This Row],[FILIAL]]=3,"NOVA MUTUM",IF(Tabela1[[#This Row],[FILIAL]]=4,"FULLING",IF(Tabela1[[#This Row],[FILIAL]]=5,"SÃO PAULO",IF(Tabela1[[#This Row],[FILIAL]]=6,"SIDROLÂNDIA",IF(Tabela1[[#This Row],[FILIAL]]=8,"BALSAS",IF(Tabela1[[#This Row],[FILIAL]]=10,"LUIS EDUARDO MAGALHÃES","")))))))) -> BALSAS | Z48: =VLOOKUP(N48,RENOVAÇÃO!A:D,4,0) -> TRILHA SEGURANÇA DO TRABALHO | AA48: =CONCATENATE("• ", Tabela1[[#This Row],[DESCRICAO]], " - ",Tabela1[[#This Row],[STATUS_GERAL]]) -> • NR 11 - OPERAÇÃO DE TALHAS E PONTE ROLANTE - PENDENTE
A49: 1 | B49: GABRIEL DE OLIVEIRA | C49: 43570 | D49: NORMAL | E49: 5 | F49: GABRIEL DA SILVA OLIVEIRA BROCHADO | G49: 801 - 06:00 AS 18:00 4-3 E 3-4 A1 | H49: EXPORTAÇÃO | I49: 172 | J49: 5058 | K49: OPERADOR MAQUINAS AUTOPROPELIDAS | L49: 323 | M49: CURSO | N49: NR 33 - SEGURANÇA E SAUDE NOS TRABALHOS EM ESPAÇOS CONFINADOS - VIGIA E TRABALHADOR | P49: Concluido | Q49: 1 | R49: 1 | S49: 102 | T49: PROCESSO INDUSTRIAL | U49: 45709 | V49: ANUAL | W49: -120 | X49: =IF(Tabela1[[#This Row],[DATA_CURSO]]="", "PENDENTE", IF(Tabela1[[#This Row],[TIPO_RENOVACAO]]="QUANDO NECESSARIO", "EM DIA – não é necessário renovar", IFERROR( IF(SUM(Tabela1[[#This Row],[DATA_CURSO]],VLOOKUP(Tabela1[[#This Row],[DESCRICAO]],RENOVAÇÃO!A:C,3,0))<TODAY(), "VENCIDO – "&TEXT(SUM(Tabela1[[#This Row],[DATA_CURSO]],VLOOKUP(Tabela1[[#This Row],[DESCRICAO]],RENOVAÇÃO!A:C,3,0)),"dd/mm/aa"), "EM DIA – vence em "&TEXT(SUM(Tabela1[[#This Row],[DATA_CURSO]],VLOOKUP(Tabela1[[#This Row],[DESCRICAO]],RENOVAÇÃO!A:C,3,0)),"dd/mm/aa")), "NÃO É NECESSÁRIO RENOVAR"))) -> EM DIA – vence em 21/02/26 | Y49: =IF(Tabela1[[#This Row],[FILIAL]]=1,"SINOP",IF(Tabela1[[#This Row],[FILIAL]]=2,"DOURADOS",IF(Tabela1[[#This Row],[FILIAL]]=3,"NOVA MUTUM",IF(Tabela1[[#This Row],[FILIAL]]=4,"FULLING",IF(Tabela1[[#This Row],[FILIAL]]=5,"SÃO PAULO",IF(Tabela1[[#This Row],[FILIAL]]=6,"SIDROLÂNDIA",IF(Tabela1[[#This Row],[FILIAL]]=8,"BALSAS",IF(Tabela1[[#This Row],[FILIAL]]=10,"LUIS EDUARDO MAGALHÃES","")))))))) -> SINOP | Z49: =VLOOKUP(N49,RENOVAÇÃO!A:D,4,0) -> TRILHA SEGURANÇA DO TRABALHO | AA49: =CONCATENATE("• ", Tabela1[[#This Row],[DESCRICAO]], " - ",Tabela1[[#This Row],[STATUS_GERAL]]) -> • NR 33 - SEGURANÇA E SAUDE NOS TRABALHOS EM ESPAÇOS CONFINADOS - VIGIA E TRABALHADOR - EM DIA – vence em 21/02/26
A50: 2 | B50: GABRIEL ALVES BACELAR | C50: 43587 | D50: NORMAL | E50: 5 | F50: GABRIEL DA SILVA OLIVEIRA BROCHADO | G50: 801 - 06:00 AS 18:00 4-3 E 3-4 A1 | H50: EXPORTAÇÃO | I50: 168 | J50: 5060 | K50: OPERADOR MAQUINAS AUTOPROPELIDAS | L50: 123 | M50: CURSO | N50: NR 20 - SEG. E TRAB. INFLAMÁVEIS E COMBUSTIVEIS CLASSE III - AVANÇADO | P50: Concluido | Q50: 1 | R50: 1 | S50: 102 | T50: PROCESSO INDUSTRIAL | U50: 45601 | V50: ANUAL | W50: -12 | X50: =IF(Tabela1[[#This Row],[DATA_CURSO]]="", "PENDENTE", IF(Tabela1[[#This Row],[TIPO_RENOVACAO]]="QUANDO NECESSARIO", "EM DIA – não é necessário renovar", IFERROR( IF(SUM(Tabela1[[#This Row],[DATA_CURSO]],VLOOKUP(Tabela1[[#This Row],[DESCRICAO]],RENOVAÇÃO!A:C,3,0))<TODAY(), "VENCIDO – "&TEXT(SUM(Tabela1[[#This Row],[DATA_CURSO]],VLOOKUP(Tabela1[[#This Row],[DESCRICAO]],RENOVAÇÃO!A:C,3,0)),"dd/mm/aa"), "EM DIA – vence em "&TEXT(SUM(Tabela1[[#This Row],[DATA_CURSO]],VLOOKUP(Tabela1[[#This Row],[DESCRICAO]],RENOVAÇÃO!A:C,3,0)),"dd/mm/aa")), "NÃO É NECESSÁRIO RENOVAR"))) -> EM DIA – vence em 05/11/25 | Y50: =IF(Tabela1[[#This Row],[FILIAL]]=1,"SINOP",IF(Tabela1[[#This Row],[FILIAL]]=2,"DOURADOS",IF(Tabela1[[#This Row],[FILIAL]]=3,"NOVA MUTUM",IF(Tabela1[[#This Row],[FILIAL]]=4,"FULLING",IF(Tabela1[[#This Row],[FILIAL]]=5,"SÃO PAULO",IF(Tabela1[[#This Row],[FILIAL]]=6,"SIDROLÂNDIA",IF(Tabela1[[#This Row],[FILIAL]]=8,"BALSAS",IF(Tabela1[[#This Row],[FILIAL]]=10,"LUIS EDUARDO MAGALHÃES","")))))))) -> SINOP | Z50: =VLOOKUP(N50,RENOVAÇÃO!A:D,4,0) -> TRILHA SEGURANÇA DO TRABALHO | AA50: =CONCATENATE("• ", Tabela1[[#This Row],[DESCRICAO]], " - ",Tabela1[[#This Row],[STATUS_GERAL]]) -> • NR 20 - SEG. E TRAB. INFLAMÁVEIS E COMBUSTIVEIS CLASSE III - AVANÇADO - EM DIA – vence em 05/11/25
A51: 2 | B51: GABRIEL ALVES BACELAR | C51: 43587 | D51: NORMAL | E51: 5 | F51: GABRIEL DA SILVA OLIVEIRA BROCHADO | G51: 801 - 06:00 AS 18:00 4-3 E 3-4 A1 | H51: EXPORTAÇÃO | I51: 168 | J51: 5060 | K51: OPERADOR MAQUINAS AUTOPROPELIDAS | L51: 295 | M51: CURSO | N51: NR 26 - SINALIZAÇÃO DE SEGURANÇA | P51: Concluido | Q51: 1 | R51: 1 | S51: 102 | T51: PROCESSO INDUSTRIAL | U51: 45489 | V51: QUANDO NECESSARIO | X51: =IF(Tabela1[[#This Row],[DATA_CURSO]]="", "PENDENTE", IF(Tabela1[[#This Row],[TIPO_RENOVACAO]]="QUANDO NECESSARIO", "EM DIA – não é necessário renovar", IFERROR( IF(SUM(Tabela1[[#This Row],[DATA_CURSO]],VLOOKUP(Tabela1[[#This Row],[DESCRICAO]],RENOVAÇÃO!A:C,3,0))<TODAY(), "VENCIDO – "&TEXT(SUM(Tabela1[[#This Row],[DATA_CURSO]],VLOOKUP(Tabela1[[#This Row],[DESCRICAO]],RENOVAÇÃO!A:C,3,0)),"dd/mm/aa"), "EM DIA – vence em "&TEXT(SUM(Tabela1[[#This Row],[DATA_CURSO]],VLOOKUP(Tabela1[[#This Row],[DESCRICAO]],RENOVAÇÃO!A:C,3,0)),"dd/mm/aa")), "NÃO É NECESSÁRIO RENOVAR"))) -> EM DIA – não é necessário renovar | Y51: =IF(Tabela1[[#This Row],[FILIAL]]=1,"SINOP",IF(Tabela1[[#This Row],[FILIAL]]=2,"DOURADOS",IF(Tabela1[[#This Row],[FILIAL]]=3,"NOVA MUTUM",IF(Tabela1[[#This Row],[FILIAL]]=4,"FULLING",IF(Tabela1[[#This Row],[FILIAL]]=5,"SÃO PAULO",IF(Tabela1[[#This Row],[FILIAL]]=6,"SIDROLÂNDIA",IF(Tabela1[[#This Row],[FILIAL]]=8,"BALSAS",IF(Tabela1[[#This Row],[FILIAL]]=10,"LUIS EDUARDO MAGALHÃES","")))))))) -> SINOP | Z51: =VLOOKUP(N51,RENOVAÇÃO!A:D,4,0) -> TRILHA SEGURANÇA DO TRABALHO | AA51: =CONCATENATE("• ", Tabela1[[#This Row],[DESCRICAO]], " - ",Tabela1[[#This Row],[STATUS_GERAL]]) -> • NR 26 - SINALIZAÇÃO DE SEGURANÇA - EM DIA – não é necessário renovar
A52: 2 | B52: GABRIEL ALVES BACELAR | C52: 43587 | D52: NORMAL | E52: 5 | F52: GABRIEL DA SILVA OLIVEIRA BROCHADO | G52: 801 - 06:00 AS 18:00 4-3 E 3-4 A1 | H52: EXPORTAÇÃO | I52: 168 | J52: 5060 | K52: OPERADOR MAQUINAS AUTOPROPELIDAS | L52: 235 | M52: CURSO | N52: NR 35 - TRABALHO EM ALTURA | P52: Concluido | Q52: 1 | R52: 1 | S52: 102 | T52: PROCESSO INDUSTRIAL | U52: 45544 | V52: BIENAL | W52: -320 | X52: =IF(Tabela1[[#This Row],[DATA_CURSO]]="", "PENDENTE", IF(Tabela1[[#This Row],[TIPO_RENOVACAO]]="QUANDO NECESSARIO", "EM DIA – não é necessário renovar", IFERROR( IF(SUM(Tabela1[[#This Row],[DATA_CURSO]],VLOOKUP(Tabela1[[#This Row],[DESCRICAO]],RENOVAÇÃO!A:C,3,0))<TODAY(), "VENCIDO – "&TEXT(SUM(Tabela1[[#This Row],[DATA_CURSO]],VLOOKUP(Tabela1[[#This Row],[DESCRICAO]],RENOVAÇÃO!A:C,3,0)),"dd/mm/aa"), "EM DIA – vence em "&TEXT(SUM(Tabela1[[#This Row],[DATA_CURSO]],VLOOKUP(Tabela1[[#This Row],[DESCRICAO]],RENOVAÇÃO!A:C,3,0)),"dd/mm/aa")), "NÃO É NECESSÁRIO RENOVAR"))) -> EM DIA – vence em 09/09/26 | Y52: =IF(Tabela1[[#This Row],[FILIAL]]=1,"SINOP",IF(Tabela1[[#This Row],[FILIAL]]=2,"DOURADOS",IF(Tabela1[[#This Row],[FILIAL]]=3,"NOVA MUTUM",IF(Tabela1[[#This Row],[FILIAL]]=4,"FULLING",IF(Tabela1[[#This Row],[FILIAL]]=5,"SÃO PAULO",IF(Tabela1[[#This Row],[FILIAL]]=6,"SIDROLÂNDIA",IF(Tabela1[[#This Row],[FILIAL]]=8,"BALSAS",IF(Tabela1[[#This Row],[FILIAL]]=10,"LUIS EDUARDO MAGALHÃES","")))))))) -> SINOP | Z52: =VLOOKUP(N52,RENOVAÇÃO!A:D,4,0) -> TRILHA SEGURANÇA DO TRABALHO | AA52: =CONCATENATE("• ", Tabela1[[#This Row],[DESCRICAO]], " - ",Tabela1[[#This Row],[STATUS_GERAL]]) -> • NR 35 - TRABALHO EM ALTURA - EM DIA – vence em 09/09/26
A53: 2 | B53: GABRIEL ALVES BACELAR | C53: 43587 | D53: NORMAL | E53: 5 | F53: GABRIEL DA SILVA OLIVEIRA BROCHADO | G53: 801 - 06:00 AS 18:00 4-3 E 3-4 A1 | H53: EXPORTAÇÃO | I53: 168 | J53: 5060 | K53: OPERADOR MAQUINAS AUTOPROPELIDAS | L53: 262 | M53: CURSO | N53: NR 33 - SEGURANÇA E SAUDE NOS TRABALHOS EM ESPAÇOS CONFINADOS - VIGIA E TRABALHADOR | P53: Concluido | Q53: 1 | R53: 2 | S53: 114 | T53: OPERAÇÕES | U53: 45757 | V53: ANUAL | W53: -168 | X53: =IF(Tabela1[[#This Row],[DATA_CURSO]]="", "PENDENTE", IF(Tabela1[[#This Row],[TIPO_RENOVACAO]]="QUANDO NECESSARIO", "EM DIA – não é necessário renovar", IFERROR( IF(SUM(Tabela1[[#This Row],[DATA_CURSO]],VLOOKUP(Tabela1[[#This Row],[DESCRICAO]],RENOVAÇÃO!A:C,3,0))<TODAY(), "VENCIDO – "&TEXT(SUM(Tabela1[[#This Row],[DATA_CURSO]],VLOOKUP(Tabela1[[#This Row],[DESCRICAO]],RENOVAÇÃO!A:C,3,0)),"dd/mm/aa"), "EM DIA – vence em "&TEXT(SUM(Tabela1[[#This Row],[DATA_CURSO]],VLOOKUP(Tabela1[[#This Row],[DESCRICAO]],RENOVAÇÃO!A:C,3,0)),"dd/mm/aa")), "NÃO É NECESSÁRIO RENOVAR"))) -> EM DIA – vence em 10/04/26 | Y53: =IF(Tabela1[[#This Row],[FILIAL]]=1,"SINOP",IF(Tabela1[[#This Row],[FILIAL]]=2,"DOURADOS",IF(Tabela1[[#This Row],[FILIAL]]=3,"NOVA MUTUM",IF(Tabela1[[#This Row],[FILIAL]]=4,"FULLING",IF(Tabela1[[#This Row],[FILIAL]]=5,"SÃO PAULO",IF(Tabela1[[#This Row],[FILIAL]]=6,"SIDROLÂNDIA",IF(Tabela1[[#This Row],[FILIAL]]=8,"BALSAS",IF(Tabela1[[#This Row],[FILIAL]]=10,"LUIS EDUARDO MAGALHÃES","")))))))) -> DOURADOS | Z53: =VLOOKUP(N53,RENOVAÇÃO!A:D,4,0) -> TRILHA SEGURANÇA DO TRABALHO | AA53: =CONCATENATE("• ", Tabela1[[#This Row],[DESCRICAO]], " - ",Tabela1[[#This Row],[STATUS_GERAL]]) -> • NR 33 - SEGURANÇA E SAUDE NOS TRABALHOS EM ESPAÇOS CONFINADOS - VIGIA E TRABALHADOR - EM DIA – vence em 10/04/26
A54: 2 | B54: GABRIEL ALVES BACELAR | C54: 43587 | D54: NORMAL | E54: 5 | F54: GABRIEL DA SILVA OLIVEIRA BROCHADO | G54: 801 - 06:00 AS 18:00 4-3 E 3-4 A1 | H54: EXPORTAÇÃO | I54: 168 | J54: 5060 | K54: OPERADOR MAQUINAS AUTOPROPELIDAS | L54: 1 | M54: CURSO | N54: NR 33 - SEGURANÇA E SAUDE NOS TRABALHOS EM ESPAÇOS CONFINADOS - VIGIA E TRABALHADOR | P54: Concluido | Q54: 1 | R54: 1 | S54: 114 | T54: OPERAÇÕES | U54: 45918 | V54: ANUAL | W54: -329 | X54: =IF(Tabela1[[#This Row],[DATA_CURSO]]="", "PENDENTE", IF(Tabela1[[#This Row],[TIPO_RENOVACAO]]="QUANDO NECESSARIO", "EM DIA – não é necessário renovar", IFERROR( IF(SUM(Tabela1[[#This Row],[DATA_CURSO]],VLOOKUP(Tabela1[[#This Row],[DESCRICAO]],RENOVAÇÃO!A:C,3,0))<TODAY(), "VENCIDO – "&TEXT(SUM(Tabela1[[#This Row],[DATA_CURSO]],VLOOKUP(Tabela1[[#This Row],[DESCRICAO]],RENOVAÇÃO!A:C,3,0)),"dd/mm/aa"), "EM DIA – vence em "&TEXT(SUM(Tabela1[[#This Row],[DATA_CURSO]],VLOOKUP(Tabela1[[#This Row],[DESCRICAO]],RENOVAÇÃO!A:C,3,0)),"dd/mm/aa")), "NÃO É NECESSÁRIO RENOVAR"))) -> EM DIA – vence em 18/09/26 | Y54: =IF(Tabela1[[#This Row],[FILIAL]]=1,"SINOP",IF(Tabela1[[#This Row],[FILIAL]]=2,"DOURADOS",IF(Tabela1[[#This Row],[FILIAL]]=3,"NOVA MUTUM",IF(Tabela1[[#This Row],[FILIAL]]=4,"FULLING",IF(Tabela1[[#This Row],[FILIAL]]=5,"SÃO PAULO",IF(Tabela1[[#This Row],[FILIAL]]=6,"SIDROLÂNDIA",IF(Tabela1[[#This Row],[FILIAL]]=8,"BALSAS",IF(Tabela1[[#This Row],[FILIAL]]=10,"LUIS EDUARDO MAGALHÃES","")))))))) -> SINOP | Z54: =VLOOKUP(N54,RENOVAÇÃO!A:D,4,0) -> TRILHA SEGURANÇA DO TRABALHO | AA54: =CONCATENATE("• ", Tabela1[[#This Row],[DESCRICAO]], " - ",Tabela1[[#This Row],[STATUS_GERAL]]) -> • NR 33 - SEGURANÇA E SAUDE NOS TRABALHOS EM ESPAÇOS CONFINADOS - VIGIA E TRABALHADOR - EM DIA – vence em 18/09/26
A55: 2 | B55: GABRIEL ALVES BACELAR | C55: 43587 | D55: NORMAL | E55: 5 | F55: GABRIEL DA SILVA OLIVEIRA BROCHADO | G55: 801 - 06:00 AS 18:00 4-3 E 3-4 A1 | H55: EXPORTAÇÃO | I55: 168 | J55: 5060 | K55: OPERADOR MAQUINAS AUTOPROPELIDAS | L55: 8 | M55: CURSO | N55: NR 20 - SEG. E TRAB. INFLAMÁVEIS E COMBUSTIVEIS CLASSE III - BASICO | P55: Concluido | Q55: 1 | R55: 1 | S55: 114 | T55: OPERAÇÕES | U55: 45735 | V55: TRIENAL | W55: -876 | X55: =IF(Tabela1[[#This Row],[DATA_CURSO]]="", "PENDENTE", IF(Tabela1[[#This Row],[TIPO_RENOVACAO]]="QUANDO NECESSARIO", "EM DIA – não é necessário renovar", IFERROR( IF(SUM(Tabela1[[#This Row],[DATA_CURSO]],VLOOKUP(Tabela1[[#This Row],[DESCRICAO]],RENOVAÇÃO!A:C,3,0))<TODAY(), "VENCIDO – "&TEXT(SUM(Tabela1[[#This Row],[DATA_CURSO]],VLOOKUP(Tabela1[[#This Row],[DESCRICAO]],RENOVAÇÃO!A:C,3,0)),"dd/mm/aa"), "EM DIA – vence em "&TEXT(SUM(Tabela1[[#This Row],[DATA_CURSO]],VLOOKUP(Tabela1[[#This Row],[DESCRICAO]],RENOVAÇÃO!A:C,3,0)),"dd/mm/aa")), "NÃO É NECESSÁRIO RENOVAR"))) -> EM DIA – vence em 18/03/28 | Y55: =IF(Tabela1[[#This Row],[FILIAL]]=1,"SINOP",IF(Tabela1[[#This Row],[FILIAL]]=2,"DOURADOS",IF(Tabela1[[#This Row],[FILIAL]]=3,"NOVA MUTUM",IF(Tabela1[[#This Row],[FILIAL]]=4,"FULLING",IF(Tabela1[[#This Row],[FILIAL]]=5,"SÃO PAULO",IF(Tabela1[[#This Row],[FILIAL]]=6,"SIDROLÂNDIA",IF(Tabela1[[#This Row],[FILIAL]]=8,"BALSAS",IF(Tabela1[[#This Row],[FILIAL]]=10,"LUIS EDUARDO MAGALHÃES","")))))))) -> SINOP | Z55: =VLOOKUP(N55,RENOVAÇÃO!A:D,4,0) -> TRILHA SEGURANÇA DO TRABALHO | AA55: =CONCATENATE("• ", Tabela1[[#This Row],[DESCRICAO]], " - ",Tabela1[[#This Row],[STATUS_GERAL]]) -> • NR 20 - SEG. E TRAB. INFLAMÁVEIS E COMBUSTIVEIS CLASSE III - BASICO - EM DIA – vence em 18/03/28
A56: 2 | B56: GABRIEL ALVES BACELAR | C56: 43587 | D56: NORMAL | E56: 5 | F56: GABRIEL DA SILVA OLIVEIRA BROCHADO | G56: 801 - 06:00 AS 18:00 4-3 E 3-4 A1 | H56: EXPORTAÇÃO | I56: 168 | J56: 5060 | K56: OPERADOR MAQUINAS AUTOPROPELIDAS | L56: 28 | M56: CURSO | N56: NR 20 - SEG. E TRAB. INFLAMÁVEIS E COMBUSTIVEIS CLASSE III - BASICO | P56: Concluido | Q56: 1 | R56: 1 | S56: 78 | T56: ADMINISTRAÇÃO | U56: 45602 | V56: TRIENAL | W56: -743 | X56: =IF(Tabela1[[#This Row],[DATA_CURSO]]="", "PENDENTE", IF(Tabela1[[#This Row],[TIPO_RENOVACAO]]="QUANDO NECESSARIO", "EM DIA – não é necessário renovar", IFERROR( IF(SUM(Tabela1[[#This Row],[DATA_CURSO]],VLOOKUP(Tabela1[[#This Row],[DESCRICAO]],RENOVAÇÃO!A:C,3,0))<TODAY(), "VENCIDO – "&TEXT(SUM(Tabela1[[#This Row],[DATA_CURSO]],VLOOKUP(Tabela1[[#This Row],[DESCRICAO]],RENOVAÇÃO!A:C,3,0)),"dd/mm/aa"), "EM DIA – vence em "&TEXT(SUM(Tabela1[[#This Row],[DATA_CURSO]],VLOOKUP(Tabela1[[#This Row],[DESCRICAO]],RENOVAÇÃO!A:C,3,0)),"dd/mm/aa")), "NÃO É NECESSÁRIO RENOVAR"))) -> EM DIA – vence em 06/11/27 | Y56: =IF(Tabela1[[#This Row],[FILIAL]]=1,"SINOP",IF(Tabela1[[#This Row],[FILIAL]]=2,"DOURADOS",IF(Tabela1[[#This Row],[FILIAL]]=3,"NOVA MUTUM",IF(Tabela1[[#This Row],[FILIAL]]=4,"FULLING",IF(Tabela1[[#This Row],[FILIAL]]=5,"SÃO PAULO",IF(Tabela1[[#This Row],[FILIAL]]=6,"SIDROLÂNDIA",IF(Tabela1[[#This Row],[FILIAL]]=8,"BALSAS",IF(Tabela1[[#This Row],[FILIAL]]=10,"LUIS EDUARDO MAGALHÃES","")))))))) -> SINOP | Z56: =VLOOKUP(N56,RENOVAÇÃO!A:D,4,0) -> TRILHA SEGURANÇA DO TRABALHO | AA56: =CONCATENATE("• ", Tabela1[[#This Row],[DESCRICAO]], " - ",Tabela1[[#This Row],[STATUS_GERAL]]) -> • NR 20 - SEG. E TRAB. INFLAMÁVEIS E COMBUSTIVEIS CLASSE III - BASICO - EM DIA – vence em 06/11/27
A57: 2 | B57: GABRIEL ALVES BACELAR | C57: 43587 | D57: NORMAL | E57: 5 | F57: GABRIEL DA SILVA OLIVEIRA BROCHADO | G57: 801 - 06:00 AS 18:00 4-3 E 3-4 A1 | H57: EXPORTAÇÃO | I57: 168 | J57: 5060 | K57: OPERADOR MAQUINAS AUTOPROPELIDAS | L57: 11 | M57: CURSO | N57: NR 35 - TRABALHO EM ALTURA | P57: Concluido | Q57: 1 | R57: 1 | S57: 102 | T57: PROCESSO INDUSTRIAL | U57: 45404 | V57: BIENAL | W57: -180 | X57: =IF(Tabela1[[#This Row],[DATA_CURSO]]="", "PENDENTE", IF(Tabela1[[#This Row],[TIPO_RENOVACAO]]="QUANDO NECESSARIO", "EM DIA – não é necessário renovar", IFERROR( IF(SUM(Tabela1[[#This Row],[DATA_CURSO]],VLOOKUP(Tabela1[[#This Row],[DESCRICAO]],RENOVAÇÃO!A:C,3,0))<TODAY(), "VENCIDO – "&TEXT(SUM(Tabela1[[#This Row],[DATA_CURSO]],VLOOKUP(Tabela1[[#This Row],[DESCRICAO]],RENOVAÇÃO!A:C,3,0)),"dd/mm/aa"), "EM DIA – vence em "&TEXT(SUM(Tabela1[[#This Row],[DATA_CURSO]],VLOOKUP(Tabela1[[#This Row],[DESCRICAO]],RENOVAÇÃO!A:C,3,0)),"dd/mm/aa")), "NÃO É NECESSÁRIO RENOVAR"))) -> EM DIA – vence em 22/04/26 | Y57: =IF(Tabela1[[#This Row],[FILIAL]]=1,"SINOP",IF(Tabela1[[#This Row],[FILIAL]]=2,"DOURADOS",IF(Tabela1[[#This Row],[FILIAL]]=3,"NOVA MUTUM",IF(Tabela1[[#This Row],[FILIAL]]=4,"FULLING",IF(Tabela1[[#This Row],[FILIAL]]=5,"SÃO PAULO",IF(Tabela1[[#This Row],[FILIAL]]=6,"SIDROLÂNDIA",IF(Tabela1[[#This Row],[FILIAL]]=8,"BALSAS",IF(Tabela1[[#This Row],[FILIAL]]=10,"LUIS EDUARDO MAGALHÃES","")))))))) -> SINOP | Z57: =VLOOKUP(N57,RENOVAÇÃO!A:D,4,0) -> TRILHA SEGURANÇA DO TRABALHO | AA57: =CONCATENATE("• ", Tabela1[[#This Row],[DESCRICAO]], " - ",Tabela1[[#This Row],[STATUS_GERAL]]) -> • NR 35 - TRABALHO EM ALTURA - EM DIA – vence em 22/04/26
A58: 2 | B58: GABRIEL ALVES BACELAR | C58: 43587 | D58: NORMAL | E58: 5 | F58: GABRIEL DA SILVA OLIVEIRA BROCHADO | G58: 801 - 06:00 AS 18:00 4-3 E 3-4 A1 | H58: EXPORTAÇÃO | I58: 168 | J58: 5060 | K58: OPERADOR MAQUINAS AUTOPROPELIDAS | L58: 26 | M58: CURSO | N58: BLOQUEIO E SINALIZAÇÃO DE ENERGIAS PERIGOSAS - LOCKOUT/TAGOUT - NR10 E NR12 | P58: Concluido | Q58: 1 | R58: 8 | S58: 80 | T58: MANUTENÇÃO INDUSTRIAL | U58: 44698 | V58: QUANDO NECESSARIO | X58: =IF(Tabela1[[#This Row],[DATA_CURSO]]="", "PENDENTE", IF(Tabela1[[#This Row],[TIPO_RENOVACAO]]="QUANDO NECESSARIO", "EM DIA – não é necessário renovar", IFERROR( IF(SUM(Tabela1[[#This Row],[DATA_CURSO]],VLOOKUP(Tabela1[[#This Row],[DESCRICAO]],RENOVAÇÃO!A:C,3,0))<TODAY(), "VENCIDO – "&TEXT(SUM(Tabela1[[#This Row],[DATA_CURSO]],VLOOKUP(Tabela1[[#This Row],[DESCRICAO]],RENOVAÇÃO!A:C,3,0)),"dd/mm/aa"), "EM DIA – vence em "&TEXT(SUM(Tabela1[[#This Row],[DATA_CURSO]],VLOOKUP(Tabela1[[#This Row],[DESCRICAO]],RENOVAÇÃO!A:C,3,0)),"dd/mm/aa")), "NÃO É NECESSÁRIO RENOVAR"))) -> EM DIA – não é necessário renovar | Y58: =IF(Tabela1[[#This Row],[FILIAL]]=1,"SINOP",IF(Tabela1[[#This Row],[FILIAL]]=2,"DOURADOS",IF(Tabela1[[#This Row],[FILIAL]]=3,"NOVA MUTUM",IF(Tabela1[[#This Row],[FILIAL]]=4,"FULLING",IF(Tabela1[[#This Row],[FILIAL]]=5,"SÃO PAULO",IF(Tabela1[[#This Row],[FILIAL]]=6,"SIDROLÂNDIA",IF(Tabela1[[#This Row],[FILIAL]]=8,"BALSAS",IF(Tabela1[[#This Row],[FILIAL]]=10,"LUIS EDUARDO MAGALHÃES","")))))))) -> BALSAS | Z58: =VLOOKUP(N58,RENOVAÇÃO!A:D,4,0) -> TRILHA SEGURANÇA DO TRABALHO | AA58: =CONCATENATE("• ", Tabela1[[#This Row],[DESCRICAO]], " - ",Tabela1[[#This Row],[STATUS_GERAL]]) -> • BLOQUEIO E SINALIZAÇÃO DE ENERGIAS PERIGOSAS - LOCKOUT/TAGOUT - NR10 E NR12 - EM DIA – não é necessário renovar
A59: 2 | B59: GABRIEL ALVES BACELAR | C59: 43587 | D59: NORMAL | E59: 5 | F59: GABRIEL DA SILVA OLIVEIRA BROCHADO | G59: 801 - 06:00 AS 18:00 4-3 E 3-4 A1 | H59: EXPORTAÇÃO | I59: 168 | J59: 5060 | K59: OPERADOR MAQUINAS AUTOPROPELIDAS | L59: 2 | M59: CURSO | N59: NR 20 - SEG. E TRAB. INFLAMÁVEIS E COMBUSTIVEIS CLASSE III - INTERMEDIÁRIO | P59: Concluido | Q59: 1 | R59: 3 | S59: 80 | T59: MANUTENÇÃO INDUSTRIAL | U59: 45826 | V59: BIENAL | W59: -602 | X59: =IF(Tabela1[[#This Row],[DATA_CURSO]]="", "PENDENTE", IF(Tabela1[[#This Row],[TIPO_RENOVACAO]]="QUANDO NECESSARIO", "EM DIA – não é necessário renovar", IFERROR( IF(SUM(Tabela1[[#This Row],[DATA_CURSO]],VLOOKUP(Tabela1[[#This Row],[DESCRICAO]],RENOVAÇÃO!A:C,3,0))<TODAY(), "VENCIDO – "&TEXT(SUM(Tabela1[[#This Row],[DATA_CURSO]],VLOOKUP(Tabela1[[#This Row],[DESCRICAO]],RENOVAÇÃO!A:C,3,0)),"dd/mm/aa"), "EM DIA – vence em "&TEXT(SUM(Tabela1[[#This Row],[DATA_CURSO]],VLOOKUP(Tabela1[[#This Row],[DESCRICAO]],RENOVAÇÃO!A:C,3,0)),"dd/mm/aa")), "NÃO É NECESSÁRIO RENOVAR"))) -> EM DIA – vence em 18/06/27 | Y59: =IF(Tabela1[[#This Row],[FILIAL]]=1,"SINOP",IF(Tabela1[[#This Row],[FILIAL]]=2,"DOURADOS",IF(Tabela1[[#This Row],[FILIAL]]=3,"NOVA MUTUM",IF(Tabela1[[#This Row],[FILIAL]]=4,"FULLING",IF(Tabela1[[#This Row],[FILIAL]]=5,"SÃO PAULO",IF(Tabela1[[#This Row],[FILIAL]]=6,"SIDROLÂNDIA",IF(Tabela1[[#This Row],[FILIAL]]=8,"BALSAS",IF(Tabela1[[#This Row],[FILIAL]]=10,"LUIS EDUARDO MAGALHÃES","")))))))) -> NOVA MUTUM | Z59: =VLOOKUP(N59,RENOVAÇÃO!A:D,4,0) -> TRILHA SEGURANÇA DO TRABALHO | AA59: =CONCATENATE("• ", Tabela1[[#This Row],[DESCRICAO]], " - ",Tabela1[[#This Row],[STATUS_GERAL]]) -> • NR 20 - SEG. E TRAB. INFLAMÁVEIS E COMBUSTIVEIS CLASSE III - INTERMEDIÁRIO - EM DIA – vence em 18/06/27
A60: 2 | B60: GABRIEL ALVES BACELAR | C60: 43587 | D60: NORMAL | E60: 5 | F60: GABRIEL DA SILVA OLIVEIRA BROCHADO | G60: 801 - 06:00 AS 18:00 4-3 E 3-4 A1 | H60: EXPORTAÇÃO | I60: 168 | J60: 5060 | K60: OPERADOR MAQUINAS AUTOPROPELIDAS | L60: 323 | M60: CURSO | N60: NR 33 - SEGURANÇA E SAUDE NOS TRABALHOS EM ESPAÇOS CONFINADOS - VIGIA E TRABALHADOR | P60: Concluido | Q60: 1 | R60: 3 | S60: 80 | T60: MANUTENÇÃO INDUSTRIAL | U60: 45827 | V60: ANUAL | W60: -238 | X60: =IF(Tabela1[[#This Row],[DATA_CURSO]]="", "PENDENTE", IF(Tabela1[[#This Row],[TIPO_RENOVACAO]]="QUANDO NECESSARIO", "EM DIA – não é necessário renovar", IFERROR( IF(SUM(Tabela1[[#This Row],[DATA_CURSO]],VLOOKUP(Tabela1[[#This Row],[DESCRICAO]],RENOVAÇÃO!A:C,3,0))<TODAY(), "VENCIDO – "&TEXT(SUM(Tabela1[[#This Row],[DATA_CURSO]],VLOOKUP(Tabela1[[#This Row],[DESCRICAO]],RENOVAÇÃO!A:C,3,0)),"dd/mm/aa"), "EM DIA – vence em "&TEXT(SUM(Tabela1[[#This Row],[DATA_CURSO]],VLOOKUP(Tabela1[[#This Row],[DESCRICAO]],RENOVAÇÃO!A:C,3,0)),"dd/mm/aa")), "NÃO É NECESSÁRIO RENOVAR"))) -> EM DIA – vence em 19/06/26 | Y60: =IF(Tabela1[[#This Row],[FILIAL]]=1,"SINOP",IF(Tabela1[[#This Row],[FILIAL]]=2,"DOURADOS",IF(Tabela1[[#This Row],[FILIAL]]=3,"NOVA MUTUM",IF(Tabela1[[#This Row],[FILIAL]]=4,"FULLING",IF(Tabela1[[#This Row],[FILIAL]]=5,"SÃO PAULO",IF(Tabela1[[#This Row],[FILIAL]]=6,"SIDROLÂNDIA",IF(Tabela1[[#This Row],[FILIAL]]=8,"BALSAS",IF(Tabela1[[#This Row],[FILIAL]]=10,"LUIS EDUARDO MAGALHÃES","")))))))) -> NOVA MUTUM | Z60: =VLOOKUP(N60,RENOVAÇÃO!A:D,4,0) -> TRILHA SEGURANÇA DO TRABALHO | AA60: =CONCATENATE("• ", Tabela1[[#This Row],[DESCRICAO]], " - ",Tabela1[[#This Row],[STATUS_GERAL]]) -> • NR 33 - SEGURANÇA E SAUDE NOS TRABALHOS EM ESPAÇOS CONFINADOS - VIGIA E TRABALHADOR - EM DIA – vence em 19/06/26
A61: 2 | B61: GABRIEL ALVES BACELAR | C61: 43587 | D61: NORMAL | E61: 5 | F61: GABRIEL DA SILVA OLIVEIRA BROCHADO | G61: 801 - 06:00 AS 18:00 4-3 E 3-4 A1 | H61: EXPORTAÇÃO | I61: 168 | J61: 5060 | K61: OPERADOR MAQUINAS AUTOPROPELIDAS | L61: 104 | M61: CURSO | N61: NR 33 - SEGURANÇA E SAUDE NOS TRABALHOS EM ESPAÇOS CONFINADOS - VIGIA E TRABALHADOR | P61: Concluido | Q61: 1 | R61: 8 | S61: 80 | T61: MANUTENÇÃO INDUSTRIAL | U61: 45717 | V61: ANUAL | W61: -128 | X61: =IF(Tabela1[[#This Row],[DATA_CURSO]]="", "PENDENTE", IF(Tabela1[[#This Row],[TIPO_RENOVACAO]]="QUANDO NECESSARIO", "EM DIA – não é necessário renovar", IFERROR( IF(SUM(Tabela1[[#This Row],[DATA_CURSO]],VLOOKUP(Tabela1[[#This Row],[DESCRICAO]],RENOVAÇÃO!A:C,3,0))<TODAY(), "VENCIDO – "&TEXT(SUM(Tabela1[[#This Row],[DATA_CURSO]],VLOOKUP(Tabela1[[#This Row],[DESCRICAO]],RENOVAÇÃO!A:C,3,0)),"dd/mm/aa"), "EM DIA – vence em "&TEXT(SUM(Tabela1[[#This Row],[DATA_CURSO]],VLOOKUP(Tabela1[[#This Row],[DESCRICAO]],RENOVAÇÃO!A:C,3,0)),"dd/mm/aa")), "NÃO É NECESSÁRIO RENOVAR"))) -> EM DIA – vence em 01/03/26 | Y61: =IF(Tabela1[[#This Row],[FILIAL]]=1,"SINOP",IF(Tabela1[[#This Row],[FILIAL]]=2,"DOURADOS",IF(Tabela1[[#This Row],[FILIAL]]=3,"NOVA MUTUM",IF(Tabela1[[#This Row],[FILIAL]]=4,"FULLING",IF(Tabela1[[#This Row],[FILIAL]]=5,"SÃO PAULO",IF(Tabela1[[#This Row],[FILIAL]]=6,"SIDROLÂNDIA",IF(Tabela1[[#This Row],[FILIAL]]=8,"BALSAS",IF(Tabela1[[#This Row],[FILIAL]]=10,"LUIS EDUARDO MAGALHÃES","")))))))) -> BALSAS | Z61: =VLOOKUP(N61,RENOVAÇÃO!A:D,4,0) -> TRILHA SEGURANÇA DO TRABALHO | AA61: =CONCATENATE("• ", Tabela1[[#This Row],[DESCRICAO]], " - ",Tabela1[[#This Row],[STATUS_GERAL]]) -> • NR 33 - SEGURANÇA E SAUDE NOS TRABALHOS EM ESPAÇOS CONFINADOS - VIGIA E TRABALHADOR - EM DIA – vence em 01/03/26
A62: 2 | B62: GABRIEL ALVES BACELAR | C62: 43587 | D62: NORMAL | E62: 5 | F62: GABRIEL DA SILVA OLIVEIRA BROCHADO | G62: 801 - 06:00 AS 18:00 4-3 E 3-4 A1 | H62: EXPORTAÇÃO | I62: 168 | J62: 5060 | K62: OPERADOR MAQUINAS AUTOPROPELIDAS | L62: 302 | M62: CURSO | N62: NR 35 - TRABALHO EM ALTURA | P62: Concluido | Q62: 1 | R62: 8 | S62: 80 | T62: MANUTENÇÃO INDUSTRIAL | U62: 45569 | V62: BIENAL | W62: -345 | X62: =IF(Tabela1[[#This Row],[DATA_CURSO]]="", "PENDENTE", IF(Tabela1[[#This Row],[TIPO_RENOVACAO]]="QUANDO NECESSARIO", "EM DIA – não é necessário renovar", IFERROR( IF(SUM(Tabela1[[#This Row],[DATA_CURSO]],VLOOKUP(Tabela1[[#This Row],[DESCRICAO]],RENOVAÇÃO!A:C,3,0))<TODAY(), "VENCIDO – "&TEXT(SUM(Tabela1[[#This Row],[DATA_CURSO]],VLOOKUP(Tabela1[[#This Row],[DESCRICAO]],RENOVAÇÃO!A:C,3,0)),"dd/mm/aa"), "EM DIA – vence em "&TEXT(SUM(Tabela1[[#This Row],[DATA_CURSO]],VLOOKUP(Tabela1[[#This Row],[DESCRICAO]],RENOVAÇÃO!A:C,3,0)),"dd/mm/aa")), "NÃO É NECESSÁRIO RENOVAR"))) -> EM DIA – vence em 04/10/26 | Y62: =IF(Tabela1[[#This Row],[FILIAL]]=1,"SINOP",IF(Tabela1[[#This Row],[FILIAL]]=2,"DOURADOS",IF(Tabela1[[#This Row],[FILIAL]]=3,"NOVA MUTUM",IF(Tabela1[[#This Row],[FILIAL]]=4,"FULLING",IF(Tabela1[[#This Row],[FILIAL]]=5,"SÃO PAULO",IF(Tabela1[[#This Row],[FILIAL]]=6,"SIDROLÂNDIA",IF(Tabela1[[#This Row],[FILIAL]]=8,"BALSAS",IF(Tabela1[[#This Row],[FILIAL]]=10,"LUIS EDUARDO MAGALHÃES","")))))))) -> BALSAS | Z62: =VLOOKUP(N62,RENOVAÇÃO!A:D,4,0) -> TRILHA SEGURANÇA DO TRABALHO | AA62: =CONCATENATE("• ", Tabela1[[#This Row],[DESCRICAO]], " - ",Tabela1[[#This Row],[STATUS_GERAL]]) -> • NR 35 - TRABALHO EM ALTURA - EM DIA – vence em 04/10/26
A63: 2 | B63: GABRIEL ALVES BACELAR | C63: 43587 | D63: NORMAL | E63: 5 | F63: GABRIEL DA SILVA OLIVEIRA BROCHADO | G63: 801 - 06:00 AS 18:00 4-3 E 3-4 A1 | H63: EXPORTAÇÃO | I63: 168 | J63: 5060 | K63: OPERADOR MAQUINAS AUTOPROPELIDAS | L63: 308 | M63: CURSO | N63: DIREÇÃO DEFENSIVA - TEÓRICO | P63: Concluido | Q63: 1 | R63: 1 | S63: 114 | T63: OPERAÇÕES | U63: 44510 | V63: QUANDO NECESSARIO | X63: =IF(Tabela1[[#This Row],[DATA_CURSO]]="", "PENDENTE", IF(Tabela1[[#This Row],[TIPO_RENOVACAO]]="QUANDO NECESSARIO", "EM DIA – não é necessário renovar", IFERROR( IF(SUM(Tabela1[[#This Row],[DATA_CURSO]],VLOOKUP(Tabela1[[#This Row],[DESCRICAO]],RENOVAÇÃO!A:C,3,0))<TODAY(), "VENCIDO – "&TEXT(SUM(Tabela1[[#This Row],[DATA_CURSO]],VLOOKUP(Tabela1[[#This Row],[DESCRICAO]],RENOVAÇÃO!A:C,3,0)),"dd/mm/aa"), "EM DIA – vence em "&TEXT(SUM(Tabela1[[#This Row],[DATA_CURSO]],VLOOKUP(Tabela1[[#This Row],[DESCRICAO]],RENOVAÇÃO!A:C,3,0)),"dd/mm/aa")), "NÃO É NECESSÁRIO RENOVAR"))) -> EM DIA – não é necessário renovar | Y63: =IF(Tabela1[[#This Row],[FILIAL]]=1,"SINOP",IF(Tabela1[[#This Row],[FILIAL]]=2,"DOURADOS",IF(Tabela1[[#This Row],[FILIAL]]=3,"NOVA MUTUM",IF(Tabela1[[#This Row],[FILIAL]]=4,"FULLING",IF(Tabela1[[#This Row],[FILIAL]]=5,"SÃO PAULO",IF(Tabela1[[#This Row],[FILIAL]]=6,"SIDROLÂNDIA",IF(Tabela1[[#This Row],[FILIAL]]=8,"BALSAS",IF(Tabela1[[#This Row],[FILIAL]]=10,"LUIS EDUARDO MAGALHÃES","")))))))) -> SINOP | Z63: =VLOOKUP(N63,RENOVAÇÃO!A:D,4,0) -> TRILHA SEGURANÇA DO TRABALHO | AA63: =CONCATENATE("• ", Tabela1[[#This Row],[DESCRICAO]], " - ",Tabela1[[#This Row],[STATUS_GERAL]]) -> • DIREÇÃO DEFENSIVA - TEÓRICO - EM DIA – não é necessário renovar
A64: 2 | B64: GABRIEL ALVES BACELAR | C64: 43587 | D64: NORMAL | E64: 5 | F64: GABRIEL DA SILVA OLIVEIRA BROCHADO | G64: 801 - 06:00 AS 18:00 4-3 E 3-4 A1 | H64: EXPORTAÇÃO | I64: 168 | J64: 5060 | K64: OPERADOR MAQUINAS AUTOPROPELIDAS | L64: 322 | M64: CURSO | N64: NR 13 - SEGURANÇA NA OPERAÇÃO VASOS DE PRESSÃO | P64: Concluido | Q64: 1 | R64: 3 | S64: 102 | T64: PROCESSO INDUSTRIAL | U64: 44771 | V64: QUANDO NECESSARIO | X64: =IF(Tabela1[[#This Row],[DATA_CURSO]]="", "PENDENTE", IF(Tabela1[[#This Row],[TIPO_RENOVACAO]]="QUANDO NECESSARIO", "EM DIA – não é necessário renovar", IFERROR( IF(SUM(Tabela1[[#This Row],[DATA_CURSO]],VLOOKUP(Tabela1[[#This Row],[DESCRICAO]],RENOVAÇÃO!A:C,3,0))<TODAY(), "VENCIDO – "&TEXT(SUM(Tabela1[[#This Row],[DATA_CURSO]],VLOOKUP(Tabela1[[#This Row],[DESCRICAO]],RENOVAÇÃO!A:C,3,0)),"dd/mm/aa"), "EM DIA – vence em "&TEXT(SUM(Tabela1[[#This Row],[DATA_CURSO]],VLOOKUP(Tabela1[[#This Row],[DESCRICAO]],RENOVAÇÃO!A:C,3,0)),"dd/mm/aa")), "NÃO É NECESSÁRIO RENOVAR"))) -> EM DIA – não é necessário renovar | Y64: =IF(Tabela1[[#This Row],[FILIAL]]=1,"SINOP",IF(Tabela1[[#This Row],[FILIAL]]=2,"DOURADOS",IF(Tabela1[[#This Row],[FILIAL]]=3,"NOVA MUTUM",IF(Tabela1[[#This Row],[FILIAL]]=4,"FULLING",IF(Tabela1[[#This Row],[FILIAL]]=5,"SÃO PAULO",IF(Tabela1[[#This Row],[FILIAL]]=6,"SIDROLÂNDIA",IF(Tabela1[[#This Row],[FILIAL]]=8,"BALSAS",IF(Tabela1[[#This Row],[FILIAL]]=10,"LUIS EDUARDO MAGALHÃES","")))))))) -> NOVA MUTUM | Z64: =VLOOKUP(N64,RENOVAÇÃO!A:D,4,0) -> TRILHA SEGURANÇA DO TRABALHO | AA64: =CONCATENATE("• ", Tabela1[[#This Row],[DESCRICAO]], " - ",Tabela1[[#This Row],[STATUS_GERAL]]) -> • NR 13 - SEGURANÇA NA OPERAÇÃO VASOS DE PRESSÃO - EM DIA – não é necessário renovar
A65: 2 | B65: GABRIEL ALVES BACELAR | C65: 43587 | D65: NORMAL | E65: 5 | F65: GABRIEL DA SILVA OLIVEIRA BROCHADO | G65: 801 - 06:00 AS 18:00 4-3 E 3-4 A1 | H65: EXPORTAÇÃO | I65: 168 | J65: 5060 | K65: OPERADOR MAQUINAS AUTOPROPELIDAS | L65: 320 | M65: CURSO | N65: NR 11 - OPERAÇÃO DE TALHAS E PONTE ROLANTE | P65: Concluido | Q65: 1 | R65: 1 | S65: 80 | T65: MANUTENÇÃO INDUSTRIAL | U65: 45181 | V65: BIENAL | W65: 43 | X65: =IF(Tabela1[[#This Row],[DATA_CURSO]]="", "PENDENTE", IF(Tabela1[[#This Row],[TIPO_RENOVACAO]]="QUANDO NECESSARIO", "EM DIA – não é necessário renovar", IFERROR( IF(SUM(Tabela1[[#This Row],[DATA_CURSO]],VLOOKUP(Tabela1[[#This Row],[DESCRICAO]],RENOVAÇÃO!A:C,3,0))<TODAY(), "VENCIDO – "&TEXT(SUM(Tabela1[[#This Row],[DATA_CURSO]],VLOOKUP(Tabela1[[#This Row],[DESCRICAO]],RENOVAÇÃO!A:C,3,0)),"dd/mm/aa"), "EM DIA – vence em "&TEXT(SUM(Tabela1[[#This Row],[DATA_CURSO]],VLOOKUP(Tabela1[[#This Row],[DESCRICAO]],RENOVAÇÃO!A:C,3,0)),"dd/mm/aa")), "NÃO É NECESSÁRIO RENOVAR"))) -> VENCIDO – 11/09/25 | Y65: =IF(Tabela1[[#This Row],[FILIAL]]=1,"SINOP",IF(Tabela1[[#This Row],[FILIAL]]=2,"DOURADOS",IF(Tabela1[[#This Row],[FILIAL]]=3,"NOVA MUTUM",IF(Tabela1[[#This Row],[FILIAL]]=4,"FULLING",IF(Tabela1[[#This Row],[FILIAL]]=5,"SÃO PAULO",IF(Tabela1[[#This Row],[FILIAL]]=6,"SIDROLÂNDIA",IF(Tabela1[[#This Row],[FILIAL]]=8,"BALSAS",IF(Tabela1[[#This Row],[FILIAL]]=10,"LUIS EDUARDO MAGALHÃES","")))))))) -> SINOP | Z65: =VLOOKUP(N65,RENOVAÇÃO!A:D,4,0) -> TRILHA SEGURANÇA DO TRABALHO | AA65: =CONCATENATE("• ", Tabela1[[#This Row],[DESCRICAO]], " - ",Tabela1[[#This Row],[STATUS_GERAL]]) -> • NR 11 - OPERAÇÃO DE TALHAS E PONTE ROLANTE - VENCIDO – 11/09/25
A66: 2 | B66: GABRIEL ALVES BACELAR | C66: 43587 | D66: NORMAL | E66: 5 | F66: GABRIEL DA SILVA OLIVEIRA BROCHADO | G66: 801 - 06:00 AS 18:00 4-3 E 3-4 A1 | H66: EXPORTAÇÃO | I66: 168 | J66: 5060 | K66: OPERADOR MAQUINAS AUTOPROPELIDAS | L66: 129 | M66: CURSO | N66: NR 35 - TRABALHO EM ALTURA | P66: Concluido | Q66: 1 | R66: 3 | S66: 102 | T66: PROCESSO INDUSTRIAL | U66: 45349 | V66: BIENAL | W66: -125 | X66: =IF(Tabela1[[#This Row],[DATA_CURSO]]="", "PENDENTE", IF(Tabela1[[#This Row],[TIPO_RENOVACAO]]="QUANDO NECESSARIO", "EM DIA – não é necessário renovar", IFERROR( IF(SUM(Tabela1[[#This Row],[DATA_CURSO]],VLOOKUP(Tabela1[[#This Row],[DESCRICAO]],RENOVAÇÃO!A:C,3,0))<TODAY(), "VENCIDO – "&TEXT(SUM(Tabela1[[#This Row],[DATA_CURSO]],VLOOKUP(Tabela1[[#This Row],[DESCRICAO]],RENOVAÇÃO!A:C,3,0)),"dd/mm/aa"), "EM DIA – vence em "&TEXT(SUM(Tabela1[[#This Row],[DATA_CURSO]],VLOOKUP(Tabela1[[#This Row],[DESCRICAO]],RENOVAÇÃO!A:C,3,0)),"dd/mm/aa")), "NÃO É NECESSÁRIO RENOVAR"))) -> EM DIA – vence em 26/02/26 | Y66: =IF(Tabela1[[#This Row],[FILIAL]]=1,"SINOP",IF(Tabela1[[#This Row],[FILIAL]]=2,"DOURADOS",IF(Tabela1[[#This Row],[FILIAL]]=3,"NOVA MUTUM",IF(Tabela1[[#This Row],[FILIAL]]=4,"FULLING",IF(Tabela1[[#This Row],[FILIAL]]=5,"SÃO PAULO",IF(Tabela1[[#This Row],[FILIAL]]=6,"SIDROLÂNDIA",IF(Tabela1[[#This Row],[FILIAL]]=8,"BALSAS",IF(Tabela1[[#This Row],[FILIAL]]=10,"LUIS EDUARDO MAGALHÃES","")))))))) -> NOVA MUTUM | Z66: =VLOOKUP(N66,RENOVAÇÃO!A:D,4,0) -> TRILHA SEGURANÇA DO TRABALHO | AA66: =CONCATENATE("• ", Tabela1[[#This Row],[DESCRICAO]], " - ",Tabela1[[#This Row],[STATUS_GERAL]]) -> • NR 35 - TRABALHO EM ALTURA - EM DIA – vence em 26/02/26
A67: 2 | B67: GABRIEL ALVES BACELAR | C67: 43587 | D67: NORMAL | E67: 5 | F67: GABRIEL DA SILVA OLIVEIRA BROCHADO | G67: 801 - 06:00 AS 18:00 4-3 E 3-4 A1 | H67: EXPORTAÇÃO | I67: 168 | J67: 5060 | K67: OPERADOR MAQUINAS AUTOPROPELIDAS | L67: 317 | M67: CURSO | N67: NR 20 - SEG. E TRAB. INFLAMÁVEIS E COMBUSTIVEIS CLASSE III - BASICO | P67: Concluido | Q67: 1 | R67: 1 | S67: 113 | T67: FROTA | U67: 45735 | V67: TRIENAL | W67: -876 | X67: =IF(Tabela1[[#This Row],[DATA_CURSO]]="", "PENDENTE", IF(Tabela1[[#This Row],[TIPO_RENOVACAO]]="QUANDO NECESSARIO", "EM DIA – não é necessário renovar", IFERROR( IF(SUM(Tabela1[[#This Row],[DATA_CURSO]],VLOOKUP(Tabela1[[#This Row],[DESCRICAO]],RENOVAÇÃO!A:C,3,0))<TODAY(), "VENCIDO – "&TEXT(SUM(Tabela1[[#This Row],[DATA_CURSO]],VLOOKUP(Tabela1[[#This Row],[DESCRICAO]],RENOVAÇÃO!A:C,3,0)),"dd/mm/aa"), "EM DIA – vence em "&TEXT(SUM(Tabela1[[#This Row],[DATA_CURSO]],VLOOKUP(Tabela1[[#This Row],[DESCRICAO]],RENOVAÇÃO!A:C,3,0)),"dd/mm/aa")), "NÃO É NECESSÁRIO RENOVAR"))) -> EM DIA – vence em 18/03/28 | Y67: =IF(Tabela1[[#This Row],[FILIAL]]=1,"SINOP",IF(Tabela1[[#This Row],[FILIAL]]=2,"DOURADOS",IF(Tabela1[[#This Row],[FILIAL]]=3,"NOVA MUTUM",IF(Tabela1[[#This Row],[FILIAL]]=4,"FULLING",IF(Tabela1[[#This Row],[FILIAL]]=5,"SÃO PAULO",IF(Tabela1[[#This Row],[FILIAL]]=6,"SIDROLÂNDIA",IF(Tabela1[[#This Row],[FILIAL]]=8,"BALSAS",IF(Tabela1[[#This Row],[FILIAL]]=10,"LUIS EDUARDO MAGALHÃES","")))))))) -> SINOP | Z67: =VLOOKUP(N67,RENOVAÇÃO!A:D,4,0) -> TRILHA SEGURANÇA DO TRABALHO | AA67: =CONCATENATE("• ", Tabela1[[#This Row],[DESCRICAO]], " - ",Tabela1[[#This Row],[STATUS_GERAL]]) -> • NR 20 - SEG. E TRAB. INFLAMÁVEIS E COMBUSTIVEIS CLASSE III - BASICO - EM DIA – vence em 18/03/28
A68: 2 | B68: GABRIEL ALVES BACELAR | C68: 43587 | D68: NORMAL | E68: 5 | F68: GABRIEL DA SILVA OLIVEIRA BROCHADO | G68: 801 - 06:00 AS 18:00 4-3 E 3-4 A1 | H68: EXPORTAÇÃO | I68: 168 | J68: 5060 | K68: OPERADOR MAQUINAS AUTOPROPELIDAS | L68: 318 | M68: CURSO | N68: NR 20 - SEG. E TRAB. INFLAMÁVEIS E COMBUSTIVEIS CLASSE III - BASICO | P68: Concluido | Q68: 1 | R68: 2 | S68: 78 | T68: ADMINISTRAÇÃO | U68: 45876 | V68: TRIENAL | W68: -1017 | X68: =IF(Tabela1[[#This Row],[DATA_CURSO]]="", "PENDENTE", IF(Tabela1[[#This Row],[TIPO_RENOVACAO]]="QUANDO NECESSARIO", "EM DIA – não é necessário renovar", IFERROR( IF(SUM(Tabela1[[#This Row],[DATA_CURSO]],VLOOKUP(Tabela1[[#This Row],[DESCRICAO]],RENOVAÇÃO!A:C,3,0))<TODAY(), "VENCIDO – "&TEXT(SUM(Tabela1[[#This Row],[DATA_CURSO]],VLOOKUP(Tabela1[[#This Row],[DESCRICAO]],RENOVAÇÃO!A:C,3,0)),"dd/mm/aa"), "EM DIA – vence em "&TEXT(SUM(Tabela1[[#This Row],[DATA_CURSO]],VLOOKUP(Tabela1[[#This Row],[DESCRICAO]],RENOVAÇÃO!A:C,3,0)),"dd/mm/aa")), "NÃO É NECESSÁRIO RENOVAR"))) -> EM DIA – vence em 06/08/28 | Y68: =IF(Tabela1[[#This Row],[FILIAL]]=1,"SINOP",IF(Tabela1[[#This Row],[FILIAL]]=2,"DOURADOS",IF(Tabela1[[#This Row],[FILIAL]]=3,"NOVA MUTUM",IF(Tabela1[[#This Row],[FILIAL]]=4,"FULLING",IF(Tabela1[[#This Row],[FILIAL]]=5,"SÃO PAULO",IF(Tabela1[[#This Row],[FILIAL]]=6,"SIDROLÂNDIA",IF(Tabela1[[#This Row],[FILIAL]]=8,"BALSAS",IF(Tabela1[[#This Row],[FILIAL]]=10,"LUIS EDUARDO MAGALHÃES","")))))))) -> DOURADOS | Z68: =VLOOKUP(N68,RENOVAÇÃO!A:D,4,0) -> TRILHA SEGURANÇA DO TRABALHO | AA68: =CONCATENATE("• ", Tabela1[[#This Row],[DESCRICAO]], " - ",Tabela1[[#This Row],[STATUS_GERAL]]) -> • NR 20 - SEG. E TRAB. INFLAMÁVEIS E COMBUSTIVEIS CLASSE III - BASICO - EM DIA – vence em 06/08/28
A69: 2 | B69: GABRIEL ALVES BACELAR | C69: 43587 | D69: NORMAL | E69: 5 | F69: GABRIEL DA SILVA OLIVEIRA BROCHADO | G69: 801 - 06:00 AS 18:00 4-3 E 3-4 A1 | H69: EXPORTAÇÃO | I69: 168 | J69: 5060 | K69: OPERADOR MAQUINAS AUTOPROPELIDAS | L69: 200 | M69: CURSO | N69: NR 35 - TRABALHO EM ALTURA | P69: Concluido | Q69: 1 | R69: 3 | S69: 102 | T69: PROCESSO INDUSTRIAL | U69: 45365 | V69: BIENAL | W69: -141 | X69: =IF(Tabela1[[#This Row],[DATA_CURSO]]="", "PENDENTE", IF(Tabela1[[#This Row],[TIPO_RENOVACAO]]="QUANDO NECESSARIO", "EM DIA – não é necessário renovar", IFERROR( IF(SUM(Tabela1[[#This Row],[DATA_CURSO]],VLOOKUP(Tabela1[[#This Row],[DESCRICAO]],RENOVAÇÃO!A:C,3,0))<TODAY(), "VENCIDO – "&TEXT(SUM(Tabela1[[#This Row],[DATA_CURSO]],VLOOKUP(Tabela1[[#This Row],[DESCRICAO]],RENOVAÇÃO!A:C,3,0)),"dd/mm/aa"), "EM DIA – vence em "&TEXT(SUM(Tabela1[[#This Row],[DATA_CURSO]],VLOOKUP(Tabela1[[#This Row],[DESCRICAO]],RENOVAÇÃO!A:C,3,0)),"dd/mm/aa")), "NÃO É NECESSÁRIO RENOVAR"))) -> EM DIA – vence em 14/03/26 | Y69: =IF(Tabela1[[#This Row],[FILIAL]]=1,"SINOP",IF(Tabela1[[#This Row],[FILIAL]]=2,"DOURADOS",IF(Tabela1[[#This Row],[FILIAL]]=3,"NOVA MUTUM",IF(Tabela1[[#This Row],[FILIAL]]=4,"FULLING",IF(Tabela1[[#This Row],[FILIAL]]=5,"SÃO PAULO",IF(Tabela1[[#This Row],[FILIAL]]=6,"SIDROLÂNDIA",IF(Tabela1[[#This Row],[FILIAL]]=8,"BALSAS",IF(Tabela1[[#This Row],[FILIAL]]=10,"LUIS EDUARDO MAGALHÃES","")))))))) -> NOVA MUTUM | Z69: =VLOOKUP(N69,RENOVAÇÃO!A:D,4,0) -> TRILHA SEGURANÇA DO TRABALHO | AA69: =CONCATENATE("• ", Tabela1[[#This Row],[DESCRICAO]], " - ",Tabela1[[#This Row],[STATUS_GERAL]]) -> • NR 35 - TRABALHO EM ALTURA - EM DIA – vence em 14/03/26
A70: 2 | B70: GABRIEL ALVES BACELAR | C70: 43587 | D70: NORMAL | E70: 5 | F70: GABRIEL DA SILVA OLIVEIRA BROCHADO | G70: 801 - 06:00 AS 18:00 4-3 E 3-4 A1 | H70: EXPORTAÇÃO | I70: 168 | J70: 5060 | K70: OPERADOR MAQUINAS AUTOPROPELIDAS | L70: 271 | M70: CURSO | N70: NR 20 - SEG. E TRAB. INFLAMÁVEIS E COMBUSTIVEIS CLASSE III - AVANÇADO | P70: Concluido | Q70: 1 | R70: 3 | S70: 102 | T70: PROCESSO INDUSTRIAL | U70: 45807 | V70: ANUAL | W70: -218 | X70: =IF(Tabela1[[#This Row],[DATA_CURSO]]="", "PENDENTE", IF(Tabela1[[#This Row],[TIPO_RENOVACAO]]="QUANDO NECESSARIO", "EM DIA – não é necessário renovar", IFERROR( IF(SUM(Tabela1[[#This Row],[DATA_CURSO]],VLOOKUP(Tabela1[[#This Row],[DESCRICAO]],RENOVAÇÃO!A:C,3,0))<TODAY(), "VENCIDO – "&TEXT(SUM(Tabela1[[#This Row],[DATA_CURSO]],VLOOKUP(Tabela1[[#This Row],[DESCRICAO]],RENOVAÇÃO!A:C,3,0)),"dd/mm/aa"), "EM DIA – vence em "&TEXT(SUM(Tabela1[[#This Row],[DATA_CURSO]],VLOOKUP(Tabela1[[#This Row],[DESCRICAO]],RENOVAÇÃO!A:C,3,0)),"dd/mm/aa")), "NÃO É NECESSÁRIO RENOVAR"))) -> EM DIA – vence em 30/05/26 | Y70: =IF(Tabela1[[#This Row],[FILIAL]]=1,"SINOP",IF(Tabela1[[#This Row],[FILIAL]]=2,"DOURADOS",IF(Tabela1[[#This Row],[FILIAL]]=3,"NOVA MUTUM",IF(Tabela1[[#This Row],[FILIAL]]=4,"FULLING",IF(Tabela1[[#This Row],[FILIAL]]=5,"SÃO PAULO",IF(Tabela1[[#This Row],[FILIAL]]=6,"SIDROLÂNDIA",IF(Tabela1[[#This Row],[FILIAL]]=8,"BALSAS",IF(Tabela1[[#This Row],[FILIAL]]=10,"LUIS EDUARDO MAGALHÃES","")))))))) -> NOVA MUTUM | Z70: =VLOOKUP(N70,RENOVAÇÃO!A:D,4,0) -> TRILHA SEGURANÇA DO TRABALHO | AA70: =CONCATENATE("• ", Tabela1[[#This Row],[DESCRICAO]], " - ",Tabela1[[#This Row],[STATUS_GERAL]]) -> • NR 20 - SEG. E TRAB. INFLAMÁVEIS E COMBUSTIVEIS CLASSE III - AVANÇADO - EM DIA – vence em 30/05/26
A71: 2 | B71: GABRIEL ALVES BACELAR | C71: 43587 | D71: NORMAL | E71: 5 | F71: GABRIEL DA SILVA OLIVEIRA BROCHADO | G71: 801 - 06:00 AS 18:00 4-3 E 3-4 A1 | H71: EXPORTAÇÃO | I71: 168 | J71: 5060 | K71: OPERADOR MAQUINAS AUTOPROPELIDAS | L71: 321 | M71: CURSO | N71: NR 13 - SEGURANÇA NA OPERAÇÃO VASOS DE PRESSÃO | P71: Concluido | Q71: 1 | R71: 3 | S71: 102 | T71: PROCESSO INDUSTRIAL | U71: 44359 | V71: QUANDO NECESSARIO | X71: =IF(Tabela1[[#This Row],[DATA_CURSO]]="", "PENDENTE", IF(Tabela1[[#This Row],[TIPO_RENOVACAO]]="QUANDO NECESSARIO", "EM DIA – não é necessário renovar", IFERROR( IF(SUM(Tabela1[[#This Row],[DATA_CURSO]],VLOOKUP(Tabela1[[#This Row],[DESCRICAO]],RENOVAÇÃO!A:C,3,0))<TODAY(), "VENCIDO – "&TEXT(SUM(Tabela1[[#This Row],[DATA_CURSO]],VLOOKUP(Tabela1[[#This Row],[DESCRICAO]],RENOVAÇÃO!A:C,3,0)),"dd/mm/aa"), "EM DIA – vence em "&TEXT(SUM(Tabela1[[#This Row],[DATA_CURSO]],VLOOKUP(Tabela1[[#This Row],[DESCRICAO]],RENOVAÇÃO!A:C,3,0)),"dd/mm/aa")), "NÃO É NECESSÁRIO RENOVAR"))) -> EM DIA – não é necessário renovar | Y71: =IF(Tabela1[[#This Row],[FILIAL]]=1,"SINOP",IF(Tabela1[[#This Row],[FILIAL]]=2,"DOURADOS",IF(Tabela1[[#This Row],[FILIAL]]=3,"NOVA MUTUM",IF(Tabela1[[#This Row],[FILIAL]]=4,"FULLING",IF(Tabela1[[#This Row],[FILIAL]]=5,"SÃO PAULO",IF(Tabela1[[#This Row],[FILIAL]]=6,"SIDROLÂNDIA",IF(Tabela1[[#This Row],[FILIAL]]=8,"BALSAS",IF(Tabela1[[#This Row],[FILIAL]]=10,"LUIS EDUARDO MAGALHÃES","")))))))) -> NOVA MUTUM | Z71: =VLOOKUP(N71,RENOVAÇÃO!A:D,4,0) -> TRILHA SEGURANÇA DO TRABALHO | AA71: =CONCATENATE("• ", Tabela1[[#This Row],[DESCRICAO]], " - ",Tabela1[[#This Row],[STATUS_GERAL]]) -> • NR 13 - SEGURANÇA NA OPERAÇÃO VASOS DE PRESSÃO - EM DIA – não é necessário renovar
A72: 4 | B72: GABRIEL DOS SANTOS ZAMBOM | C72: 43767 | D72: NORMAL | E72: 5 | F72: GABRIEL DA SILVA OLIVEIRA BROCHADO | G72: 801 - 06:00 AS 18:00 4-3 E 3-4 A1 | H72: EXPORTAÇÃO | I72: 168 | J72: 5058 | K72: OPERADOR MAQUINAS AUTOPROPELIDAS | L72: 82 | M72: CURSO | N72: NR 20 - SEG. E TRAB. INFLAMÁVEIS E COMBUSTIVEIS CLASSE III - AVANÇADO | P72: Concluido | Q72: 1 | R72: 3 | S72: 102 | T72: PROCESSO INDUSTRIAL | U72: 45793 | V72: ANUAL | W72: -204 | X72: =IF(Tabela1[[#This Row],[DATA_CURSO]]="", "PENDENTE", IF(Tabela1[[#This Row],[TIPO_RENOVACAO]]="QUANDO NECESSARIO", "EM DIA – não é necessário renovar", IFERROR( IF(SUM(Tabela1[[#This Row],[DATA_CURSO]],VLOOKUP(Tabela1[[#This Row],[DESCRICAO]],RENOVAÇÃO!A:C,3,0))<TODAY(), "VENCIDO – "&TEXT(SUM(Tabela1[[#This Row],[DATA_CURSO]],VLOOKUP(Tabela1[[#This Row],[DESCRICAO]],RENOVAÇÃO!A:C,3,0)),"dd/mm/aa"), "EM DIA – vence em "&TEXT(SUM(Tabela1[[#This Row],[DATA_CURSO]],VLOOKUP(Tabela1[[#This Row],[DESCRICAO]],RENOVAÇÃO!A:C,3,0)),"dd/mm/aa")), "NÃO É NECESSÁRIO RENOVAR"))) -> EM DIA – vence em 16/05/26 | Y72: =IF(Tabela1[[#This Row],[FILIAL]]=1,"SINOP",IF(Tabela1[[#This Row],[FILIAL]]=2,"DOURADOS",IF(Tabela1[[#This Row],[FILIAL]]=3,"NOVA MUTUM",IF(Tabela1[[#This Row],[FILIAL]]=4,"FULLING",IF(Tabela1[[#This Row],[FILIAL]]=5,"SÃO PAULO",IF(Tabela1[[#This Row],[FILIAL]]=6,"SIDROLÂNDIA",IF(Tabela1[[#This Row],[FILIAL]]=8,"BALSAS",IF(Tabela1[[#This Row],[FILIAL]]=10,"LUIS EDUARDO MAGALHÃES","")))))))) -> NOVA MUTUM | Z72: =VLOOKUP(N72,RENOVAÇÃO!A:D,4,0) -> TRILHA SEGURANÇA DO TRABALHO | AA72: =CONCATENATE("• ", Tabela1[[#This Row],[DESCRICAO]], " - ",Tabela1[[#This Row],[STATUS_GERAL]]) -> • NR 20 - SEG. E TRAB. INFLAMÁVEIS E COMBUSTIVEIS CLASSE III - AVANÇADO - EM DIA – vence em 16/05/26
A73: 4 | B73: GABRIEL DOS SANTOS ZAMBOM | C73: 43767 | D73: NORMAL | E73: 5 | F73: GABRIEL DA SILVA OLIVEIRA BROCHADO | G73: 801 - 06:00 AS 18:00 4-3 E 3-4 A1 | H73: EXPORTAÇÃO | I73: 168 | J73: 5058 | K73: OPERADOR MAQUINAS AUTOPROPELIDAS | L73: 271 | M73: CURSO | N73: NR 33 - SEGURANÇA E SAUDE NOS TRABALHOS EM ESPAÇOS CONFINADOS - VIGIA E TRABALHADOR | P73: Concluido | Q73: 1 | R73: 3 | S73: 80 | T73: MANUTENÇÃO INDUSTRIAL | U73: 45827 | V73: ANUAL | W73: -238 | X73: =IF(Tabela1[[#This Row],[DATA_CURSO]]="", "PENDENTE", IF(Tabela1[[#This Row],[TIPO_RENOVACAO]]="QUANDO NECESSARIO", "EM DIA – não é necessário renovar", IFERROR( IF(SUM(Tabela1[[#This Row],[DATA_CURSO]],VLOOKUP(Tabela1[[#This Row],[DESCRICAO]],RENOVAÇÃO!A:C,3,0))<TODAY(), "VENCIDO – "&TEXT(SUM(Tabela1[[#This Row],[DATA_CURSO]],VLOOKUP(Tabela1[[#This Row],[DESCRICAO]],RENOVAÇÃO!A:C,3,0)),"dd/mm/aa"), "EM DIA – vence em "&TEXT(SUM(Tabela1[[#This Row],[DATA_CURSO]],VLOOKUP(Tabela1[[#This Row],[DESCRICAO]],RENOVAÇÃO!A:C,3,0)),"dd/mm/aa")), "NÃO É NECESSÁRIO RENOVAR"))) -> EM DIA – vence em 19/06/26 | Y73: =IF(Tabela1[[#This Row],[FILIAL]]=1,"SINOP",IF(Tabela1[[#This Row],[FILIAL]]=2,"DOURADOS",IF(Tabela1[[#This Row],[FILIAL]]=3,"NOVA MUTUM",IF(Tabela1[[#This Row],[FILIAL]]=4,"FULLING",IF(Tabela1[[#This Row],[FILIAL]]=5,"SÃO PAULO",IF(Tabela1[[#This Row],[FILIAL]]=6,"SIDROLÂNDIA",IF(Tabela1[[#This Row],[FILIAL]]=8,"BALSAS",IF(Tabela1[[#This Row],[FILIAL]]=10,"LUIS EDUARDO MAGALHÃES","")))))))) -> NOVA MUTUM | Z73: =VLOOKUP(N73,RENOVAÇÃO!A:D,4,0) -> TRILHA SEGURANÇA DO TRABALHO | AA73: =CONCATENATE("• ", Tabela1[[#This Row],[DESCRICAO]], " - ",Tabela1[[#This Row],[STATUS_GERAL]]) -> • NR 33 - SEGURANÇA E SAUDE NOS TRABALHOS EM ESPAÇOS CONFINADOS - VIGIA E TRABALHADOR - EM DIA – vence em 19/06/26
A74: 4 | B74: GABRIEL DOS SANTOS ZAMBOM | C74: 43767 | D74: NORMAL | E74: 5 | F74: GABRIEL DA SILVA OLIVEIRA BROCHADO | G74: 801 - 06:00 AS 18:00 4-3 E 3-4 A1 | H74: EXPORTAÇÃO | I74: 168 | J74: 5058 | K74: OPERADOR MAQUINAS AUTOPROPELIDAS | L74: 319 | M74: CURSO | N74: NR 35 - TRABALHO EM ALTURA | P74: Concluido | Q74: 1 | R74: 3 | S74: 114 | T74: OPERAÇÕES | U74: 45694 | V74: BIENAL | W74: -470 | X74: =IF(Tabela1[[#This Row],[DATA_CURSO]]="", "PENDENTE", IF(Tabela1[[#This Row],[TIPO_RENOVACAO]]="QUANDO NECESSARIO", "EM DIA – não é necessário renovar", IFERROR( IF(SUM(Tabela1[[#This Row],[DATA_CURSO]],VLOOKUP(Tabela1[[#This Row],[DESCRICAO]],RENOVAÇÃO!A:C,3,0))<TODAY(), "VENCIDO – "&TEXT(SUM(Tabela1[[#This Row],[DATA_CURSO]],VLOOKUP(Tabela1[[#This Row],[DESCRICAO]],RENOVAÇÃO!A:C,3,0)),"dd/mm/aa"), "EM DIA – vence em "&TEXT(SUM(Tabela1[[#This Row],[DATA_CURSO]],VLOOKUP(Tabela1[[#This Row],[DESCRICAO]],RENOVAÇÃO!A:C,3,0)),"dd/mm/aa")), "NÃO É NECESSÁRIO RENOVAR"))) -> EM DIA – vence em 06/02/27 | Y74: =IF(Tabela1[[#This Row],[FILIAL]]=1,"SINOP",IF(Tabela1[[#This Row],[FILIAL]]=2,"DOURADOS",IF(Tabela1[[#This Row],[FILIAL]]=3,"NOVA MUTUM",IF(Tabela1[[#This Row],[FILIAL]]=4,"FULLING",IF(Tabela1[[#This Row],[FILIAL]]=5,"SÃO PAULO",IF(Tabela1[[#This Row],[FILIAL]]=6,"SIDROLÂNDIA",IF(Tabela1[[#This Row],[FILIAL]]=8,"BALSAS",IF(Tabela1[[#This Row],[FILIAL]]=10,"LUIS EDUARDO MAGALHÃES","")))))))) -> NOVA MUTUM | Z74: =VLOOKUP(N74,RENOVAÇÃO!A:D,4,0) -> TRILHA SEGURANÇA DO TRABALHO | AA74: =CONCATENATE("• ", Tabela1[[#This Row],[DESCRICAO]], " - ",Tabela1[[#This Row],[STATUS_GERAL]]) -> • NR 35 - TRABALHO EM ALTURA - EM DIA – vence em 06/02/27
A75: 4 | B75: GABRIEL DOS SANTOS ZAMBOM | C75: 43767 | D75: NORMAL | E75: 5 | F75: GABRIEL DA SILVA OLIVEIRA BROCHADO | G75: 801 - 06:00 AS 18:00 4-3 E 3-4 A1 | H75: EXPORTAÇÃO | I75: 168 | J75: 5058 | K75: OPERADOR MAQUINAS AUTOPROPELIDAS | L75: 11 | M75: CURSO | N75: NR 35 - TRABALHO EM ALTURA | P75: Concluido | Q75: 1 | R75: 2 | S75: 102 | T75: PROCESSO INDUSTRIAL | U75: 45426 | V75: BIENAL | W75: -202 | X75: =IF(Tabela1[[#This Row],[DATA_CURSO]]="", "PENDENTE", IF(Tabela1[[#This Row],[TIPO_RENOVACAO]]="QUANDO NECESSARIO", "EM DIA – não é necessário renovar", IFERROR( IF(SUM(Tabela1[[#This Row],[DATA_CURSO]],VLOOKUP(Tabela1[[#This Row],[DESCRICAO]],RENOVAÇÃO!A:C,3,0))<TODAY(), "VENCIDO – "&TEXT(SUM(Tabela1[[#This Row],[DATA_CURSO]],VLOOKUP(Tabela1[[#This Row],[DESCRICAO]],RENOVAÇÃO!A:C,3,0)),"dd/mm/aa"), "EM DIA – vence em "&TEXT(SUM(Tabela1[[#This Row],[DATA_CURSO]],VLOOKUP(Tabela1[[#This Row],[DESCRICAO]],RENOVAÇÃO!A:C,3,0)),"dd/mm/aa")), "NÃO É NECESSÁRIO RENOVAR"))) -> EM DIA – vence em 14/05/26 | Y75: =IF(Tabela1[[#This Row],[FILIAL]]=1,"SINOP",IF(Tabela1[[#This Row],[FILIAL]]=2,"DOURADOS",IF(Tabela1[[#This Row],[FILIAL]]=3,"NOVA MUTUM",IF(Tabela1[[#This Row],[FILIAL]]=4,"FULLING",IF(Tabela1[[#This Row],[FILIAL]]=5,"SÃO PAULO",IF(Tabela1[[#This Row],[FILIAL]]=6,"SIDROLÂNDIA",IF(Tabela1[[#This Row],[FILIAL]]=8,"BALSAS",IF(Tabela1[[#This Row],[FILIAL]]=10,"LUIS EDUARDO MAGALHÃES","")))))))) -> DOURADOS | Z75: =VLOOKUP(N75,RENOVAÇÃO!A:D,4,0) -> TRILHA SEGURANÇA DO TRABALHO | AA75: =CONCATENATE("• ", Tabela1[[#This Row],[DESCRICAO]], " - ",Tabela1[[#This Row],[STATUS_GERAL]]) -> • NR 35 - TRABALHO EM ALTURA - EM DIA – vence em 14/05/26
A76: 4 | B76: GABRIEL DOS SANTOS ZAMBOM | C76: 43767 | D76: NORMAL | E76: 5 | F76: GABRIEL DA SILVA OLIVEIRA BROCHADO | G76: 801 - 06:00 AS 18:00 4-3 E 3-4 A1 | H76: EXPORTAÇÃO | I76: 168 | J76: 5058 | K76: OPERADOR MAQUINAS AUTOPROPELIDAS | L76: 8 | M76: CURSO | N76: NR 35 - TRABALHO EM ALTURA | P76: Concluido | Q76: 1 | R76: 10 | S76: 102 | T76: PROCESSO INDUSTRIAL | U76: 45708 | V76: BIENAL | W76: -484 | X76: =IF(Tabela1[[#This Row],[DATA_CURSO]]="", "PENDENTE", IF(Tabela1[[#This Row],[TIPO_RENOVACAO]]="QUANDO NECESSARIO", "EM DIA – não é necessário renovar", IFERROR( IF(SUM(Tabela1[[#This Row],[DATA_CURSO]],VLOOKUP(Tabela1[[#This Row],[DESCRICAO]],RENOVAÇÃO!A:C,3,0))<TODAY(), "VENCIDO – "&TEXT(SUM(Tabela1[[#This Row],[DATA_CURSO]],VLOOKUP(Tabela1[[#This Row],[DESCRICAO]],RENOVAÇÃO!A:C,3,0)),"dd/mm/aa"), "EM DIA – vence em "&TEXT(SUM(Tabela1[[#This Row],[DATA_CURSO]],VLOOKUP(Tabela1[[#This Row],[DESCRICAO]],RENOVAÇÃO!A:C,3,0)),"dd/mm/aa")), "NÃO É NECESSÁRIO RENOVAR"))) -> EM DIA – vence em 20/02/27 | Y76: =IF(Tabela1[[#This Row],[FILIAL]]=1,"SINOP",IF(Tabela1[[#This Row],[FILIAL]]=2,"DOURADOS",IF(Tabela1[[#This Row],[FILIAL]]=3,"NOVA MUTUM",IF(Tabela1[[#This Row],[FILIAL]]=4,"FULLING",IF(Tabela1[[#This Row],[FILIAL]]=5,"SÃO PAULO",IF(Tabela1[[#This Row],[FILIAL]]=6,"SIDROLÂNDIA",IF(Tabela1[[#This Row],[FILIAL]]=8,"BALSAS",IF(Tabela1[[#This Row],[FILIAL]]=10,"LUIS EDUARDO MAGALHÃES","")))))))) -> LUIS EDUARDO MAGALHÃES | Z76: =VLOOKUP(N76,RENOVAÇÃO!A:D,4,0) -> TRILHA SEGURANÇA DO TRABALHO | AA76: =CONCATENATE("• ", Tabela1[[#This Row],[DESCRICAO]], " - ",Tabela1[[#This Row],[STATUS_GERAL]]) -> • NR 35 - TRABALHO EM ALTURA - EM DIA – vence em 20/02/27
A77: 4 | B77: GABRIEL DOS SANTOS ZAMBOM | C77: 43767 | D77: NORMAL | E77: 5 | F77: GABRIEL DA SILVA OLIVEIRA BROCHADO | G77: 801 - 06:00 AS 18:00 4-3 E 3-4 A1 | H77: EXPORTAÇÃO | I77: 168 | J77: 5058 | K77: OPERADOR MAQUINAS AUTOPROPELIDAS | L77: 28 | M77: CURSO | N77: NR 11 - OPERADOR PA CARREGADEIRA | P77: Concluido | Q77: 1 | R77: 1 | S77: 114 | T77: OPERAÇÕES | U77: 45462 | V77: BIENAL | W77: -238 | X77: =IF(Tabela1[[#This Row],[DATA_CURSO]]="", "PENDENTE", IF(Tabela1[[#This Row],[TIPO_RENOVACAO]]="QUANDO NECESSARIO", "EM DIA – não é necessário renovar", IFERROR( IF(SUM(Tabela1[[#This Row],[DATA_CURSO]],VLOOKUP(Tabela1[[#This Row],[DESCRICAO]],RENOVAÇÃO!A:C,3,0))<TODAY(), "VENCIDO – "&TEXT(SUM(Tabela1[[#This Row],[DATA_CURSO]],VLOOKUP(Tabela1[[#This Row],[DESCRICAO]],RENOVAÇÃO!A:C,3,0)),"dd/mm/aa"), "EM DIA – vence em "&TEXT(SUM(Tabela1[[#This Row],[DATA_CURSO]],VLOOKUP(Tabela1[[#This Row],[DESCRICAO]],RENOVAÇÃO!A:C,3,0)),"dd/mm/aa")), "NÃO É NECESSÁRIO RENOVAR"))) -> EM DIA – vence em 19/06/26 | Y77: =IF(Tabela1[[#This Row],[FILIAL]]=1,"SINOP",IF(Tabela1[[#This Row],[FILIAL]]=2,"DOURADOS",IF(Tabela1[[#This Row],[FILIAL]]=3,"NOVA MUTUM",IF(Tabela1[[#This Row],[FILIAL]]=4,"FULLING",IF(Tabela1[[#This Row],[FILIAL]]=5,"SÃO PAULO",IF(Tabela1[[#This Row],[FILIAL]]=6,"SIDROLÂNDIA",IF(Tabela1[[#This Row],[FILIAL]]=8,"BALSAS",IF(Tabela1[[#This Row],[FILIAL]]=10,"LUIS EDUARDO MAGALHÃES","")))))))) -> SINOP | Z77: =VLOOKUP(N77,RENOVAÇÃO!A:D,4,0) -> TRILHA SEGURANÇA DO TRABALHO | AA77: =CONCATENATE("• ", Tabela1[[#This Row],[DESCRICAO]], " - ",Tabela1[[#This Row],[STATUS_GERAL]]) -> • NR 11 - OPERADOR PA CARREGADEIRA - EM DIA – vence em 19/06/26
A78: 4 | B78: GABRIEL DOS SANTOS ZAMBOM | C78: 43767 | D78: NORMAL | E78: 5 | F78: GABRIEL DA SILVA OLIVEIRA BROCHADO | G78: 801 - 06:00 AS 18:00 4-3 E 3-4 A1 | H78: EXPORTAÇÃO | I78: 168 | J78: 5058 | K78: OPERADOR MAQUINAS AUTOPROPELIDAS | L78: 1 | M78: CURSO | N78: NR 33 - SEGURANÇA E SAUDE NOS TRABALHOS EM ESPAÇOS CONFINADOS - VIGIA E TRABALHADOR | P78: Concluido | Q78: 1 | R78: 1 | S78: 102 | T78: PROCESSO INDUSTRIAL | U78: 45785 | V78: ANUAL | W78: -196 | X78: =IF(Tabela1[[#This Row],[DATA_CURSO]]="", "PENDENTE", IF(Tabela1[[#This Row],[TIPO_RENOVACAO]]="QUANDO NECESSARIO", "EM DIA – não é necessário renovar", IFERROR( IF(SUM(Tabela1[[#This Row],[DATA_CURSO]],VLOOKUP(Tabela1[[#This Row],[DESCRICAO]],RENOVAÇÃO!A:C,3,0))<TODAY(), "VENCIDO – "&TEXT(SUM(Tabela1[[#This Row],[DATA_CURSO]],VLOOKUP(Tabela1[[#This Row],[DESCRICAO]],RENOVAÇÃO!A:C,3,0)),"dd/mm/aa"), "EM DIA – vence em "&TEXT(SUM(Tabela1[[#This Row],[DATA_CURSO]],VLOOKUP(Tabela1[[#This Row],[DESCRICAO]],RENOVAÇÃO!A:C,3,0)),"dd/mm/aa")), "NÃO É NECESSÁRIO RENOVAR"))) -> EM DIA – vence em 08/05/26 | Y78: =IF(Tabela1[[#This Row],[FILIAL]]=1,"SINOP",IF(Tabela1[[#This Row],[FILIAL]]=2,"DOURADOS",IF(Tabela1[[#This Row],[FILIAL]]=3,"NOVA MUTUM",IF(Tabela1[[#This Row],[FILIAL]]=4,"FULLING",IF(Tabela1[[#This Row],[FILIAL]]=5,"SÃO PAULO",IF(Tabela1[[#This Row],[FILIAL]]=6,"SIDROLÂNDIA",IF(Tabela1[[#This Row],[FILIAL]]=8,"BALSAS",IF(Tabela1[[#This Row],[FILIAL]]=10,"LUIS EDUARDO MAGALHÃES","")))))))) -> SINOP | Z78: =VLOOKUP(N78,RENOVAÇÃO!A:D,4,0) -> TRILHA SEGURANÇA DO TRABALHO | AA78: =CONCATENATE("• ", Tabela1[[#This Row],[DESCRICAO]], " - ",Tabela1[[#This Row],[STATUS_GERAL]]) -> • NR 33 - SEGURANÇA E SAUDE NOS TRABALHOS EM ESPAÇOS CONFINADOS - VIGIA E TRABALHADOR - EM DIA – vence em 08/05/26
A79: 4 | B79: GABRIEL DOS SANTOS ZAMBOM | C79: 43767 | D79: NORMAL | E79: 5 | F79: GABRIEL DA SILVA OLIVEIRA BROCHADO | G79: 801 - 06:00 AS 18:00 4-3 E 3-4 A1 | H79: EXPORTAÇÃO | I79: 168 | J79: 5058 | K79: OPERADOR MAQUINAS AUTOPROPELIDAS | L79: 262 | M79: CURSO | N79: NR 33 - SEGURANÇA E SAUDE NOS TRABALHOS EM ESPAÇOS CONFINADOS - VIGIA E TRABALHADOR | P79: Concluido | Q79: 1 | R79: 3 | S79: 114 | T79: OPERAÇÕES | U79: 45890 | V79: ANUAL | W79: -301 | X79: =IF(Tabela1[[#This Row],[DATA_CURSO]]="", "PENDENTE", IF(Tabela1[[#This Row],[TIPO_RENOVACAO]]="QUANDO NECESSARIO", "EM DIA – não é necessário renovar", IFERROR( IF(SUM(Tabela1[[#This Row],[DATA_CURSO]],VLOOKUP(Tabela1[[#This Row],[DESCRICAO]],RENOVAÇÃO!A:C,3,0))<TODAY(), "VENCIDO – "&TEXT(SUM(Tabela1[[#This Row],[DATA_CURSO]],VLOOKUP(Tabela1[[#This Row],[DESCRICAO]],RENOVAÇÃO!A:C,3,0)),"dd/mm/aa"), "EM DIA – vence em "&TEXT(SUM(Tabela1[[#This Row],[DATA_CURSO]],VLOOKUP(Tabela1[[#This Row],[DESCRICAO]],RENOVAÇÃO!A:C,3,0)),"dd/mm/aa")), "NÃO É NECESSÁRIO RENOVAR"))) -> EM DIA – vence em 21/08/26 | Y79: =IF(Tabela1[[#This Row],[FILIAL]]=1,"SINOP",IF(Tabela1[[#This Row],[FILIAL]]=2,"DOURADOS",IF(Tabela1[[#This Row],[FILIAL]]=3,"NOVA MUTUM",IF(Tabela1[[#This Row],[FILIAL]]=4,"FULLING",IF(Tabela1[[#This Row],[FILIAL]]=5,"SÃO PAULO",IF(Tabela1[[#This Row],[FILIAL]]=6,"SIDROLÂNDIA",IF(Tabela1[[#This Row],[FILIAL]]=8,"BALSAS",IF(Tabela1[[#This Row],[FILIAL]]=10,"LUIS EDUARDO MAGALHÃES","")))))))) -> NOVA MUTUM | Z79: =VLOOKUP(N79,RENOVAÇÃO!A:D,4,0) -> TRILHA SEGURANÇA DO TRABALHO | AA79: =CONCATENATE("• ", Tabela1[[#This Row],[DESCRICAO]], " - ",Tabela1[[#This Row],[STATUS_GERAL]]) -> • NR 33 - SEGURANÇA E SAUDE NOS TRABALHOS EM ESPAÇOS CONFINADOS - VIGIA E TRABALHADOR - EM DIA – vence em 21/08/26
A80: 4 | B80: GABRIEL DOS SANTOS ZAMBOM | C80: 43767 | D80: NORMAL | E80: 5 | F80: GABRIEL DA SILVA OLIVEIRA BROCHADO | G80: 801 - 06:00 AS 18:00 4-3 E 3-4 A1 | H80: EXPORTAÇÃO | I80: 168 | J80: 5058 | K80: OPERADOR MAQUINAS AUTOPROPELIDAS | L80: 26 | M80: CURSO | N80: BLOQUEIO E SINALIZAÇÃO DE ENERGIAS PERIGOSAS - LOCKOUT/TAGOUT - NR10 E NR12 | P80: Concluido | Q80: 1 | R80: 3 | S80: 114 | T80: OPERAÇÕES | U80: 45125 | V80: QUANDO NECESSARIO | X80: =IF(Tabela1[[#This Row],[DATA_CURSO]]="", "PENDENTE", IF(Tabela1[[#This Row],[TIPO_RENOVACAO]]="QUANDO NECESSARIO", "EM DIA – não é necessário renovar", IFERROR( IF(SUM(Tabela1[[#This Row],[DATA_CURSO]],VLOOKUP(Tabela1[[#This Row],[DESCRICAO]],RENOVAÇÃO!A:C,3,0))<TODAY(), "VENCIDO – "&TEXT(SUM(Tabela1[[#This Row],[DATA_CURSO]],VLOOKUP(Tabela1[[#This Row],[DESCRICAO]],RENOVAÇÃO!A:C,3,0)),"dd/mm/aa"), "EM DIA – vence em "&TEXT(SUM(Tabela1[[#This Row],[DATA_CURSO]],VLOOKUP(Tabela1[[#This Row],[DESCRICAO]],RENOVAÇÃO!A:C,3,0)),"dd/mm/aa")), "NÃO É NECESSÁRIO RENOVAR"))) -> EM DIA – não é necessário renovar | Y80: =IF(Tabela1[[#This Row],[FILIAL]]=1,"SINOP",IF(Tabela1[[#This Row],[FILIAL]]=2,"DOURADOS",IF(Tabela1[[#This Row],[FILIAL]]=3,"NOVA MUTUM",IF(Tabela1[[#This Row],[FILIAL]]=4,"FULLING",IF(Tabela1[[#This Row],[FILIAL]]=5,"SÃO PAULO",IF(Tabela1[[#This Row],[FILIAL]]=6,"SIDROLÂNDIA",IF(Tabela1[[#This Row],[FILIAL]]=8,"BALSAS",IF(Tabela1[[#This Row],[FILIAL]]=10,"LUIS EDUARDO MAGALHÃES","")))))))) -> NOVA MUTUM | Z80: =VLOOKUP(N80,RENOVAÇÃO!A:D,4,0) -> TRILHA SEGURANÇA DO TRABALHO | AA80: =CONCATENATE("• ", Tabela1[[#This Row],[DESCRICAO]], " - ",Tabela1[[#This Row],[STATUS_GERAL]]) -> • BLOQUEIO E SINALIZAÇÃO DE ENERGIAS PERIGOSAS - LOCKOUT/TAGOUT - NR10 E NR12 - EM DIA – não é necessário renovar
A81: 4 | B81: GABRIEL DOS SANTOS ZAMBOM | C81: 43767 | D81: NORMAL | E81: 5 | F81: GABRIEL DA SILVA OLIVEIRA BROCHADO | G81: 801 - 06:00 AS 18:00 4-3 E 3-4 A1 | H81: EXPORTAÇÃO | I81: 168 | J81: 5058 | K81: OPERADOR MAQUINAS AUTOPROPELIDAS | L81: 123 | M81: CURSO | N81: NR 33 - SEGURANÇA E SAUDE NOS TRABALHOS EM ESPAÇOS CONFINADOS - VIGIA E TRABALHADOR | P81: Concluido | Q81: 1 | R81: 3 | S81: 80 | T81: MANUTENÇÃO INDUSTRIAL | U81: 45614 | V81: ANUAL | W81: -25 | X81: =IF(Tabela1[[#This Row],[DATA_CURSO]]="", "PENDENTE", IF(Tabela1[[#This Row],[TIPO_RENOVACAO]]="QUANDO NECESSARIO", "EM DIA – não é necessário renovar", IFERROR( IF(SUM(Tabela1[[#This Row],[DATA_CURSO]],VLOOKUP(Tabela1[[#This Row],[DESCRICAO]],RENOVAÇÃO!A:C,3,0))<TODAY(), "VENCIDO – "&TEXT(SUM(Tabela1[[#This Row],[DATA_CURSO]],VLOOKUP(Tabela1[[#This Row],[DESCRICAO]],RENOVAÇÃO!A:C,3,0)),"dd/mm/aa"), "EM DIA – vence em "&TEXT(SUM(Tabela1[[#This Row],[DATA_CURSO]],VLOOKUP(Tabela1[[#This Row],[DESCRICAO]],RENOVAÇÃO!A:C,3,0)),"dd/mm/aa")), "NÃO É NECESSÁRIO RENOVAR"))) -> EM DIA – vence em 18/11/25 | Y81: =IF(Tabela1[[#This Row],[FILIAL]]=1,"SINOP",IF(Tabela1[[#This Row],[FILIAL]]=2,"DOURADOS",IF(Tabela1[[#This Row],[FILIAL]]=3,"NOVA MUTUM",IF(Tabela1[[#This Row],[FILIAL]]=4,"FULLING",IF(Tabela1[[#This Row],[FILIAL]]=5,"SÃO PAULO",IF(Tabela1[[#This Row],[FILIAL]]=6,"SIDROLÂNDIA",IF(Tabela1[[#This Row],[FILIAL]]=8,"BALSAS",IF(Tabela1[[#This Row],[FILIAL]]=10,"LUIS EDUARDO MAGALHÃES","")))))))) -> NOVA MUTUM | Z81: =VLOOKUP(N81,RENOVAÇÃO!A:D,4,0) -> TRILHA SEGURANÇA DO TRABALHO | AA81: =CONCATENATE("• ", Tabela1[[#This Row],[DESCRICAO]], " - ",Tabela1[[#This Row],[STATUS_GERAL]]) -> • NR 33 - SEGURANÇA E SAUDE NOS TRABALHOS EM ESPAÇOS CONFINADOS - VIGIA E TRABALHADOR - EM DIA – vence em 18/11/25
A82: 4 | B82: GABRIEL DOS SANTOS ZAMBOM | C82: 43767 | D82: NORMAL | E82: 5 | F82: GABRIEL DA SILVA OLIVEIRA BROCHADO | G82: 801 - 06:00 AS 18:00 4-3 E 3-4 A1 | H82: EXPORTAÇÃO | I82: 168 | J82: 5058 | K82: OPERADOR MAQUINAS AUTOPROPELIDAS | L82: 235 | M82: CURSO | N82: NR 33 - SEGURANÇA E SAUDE NOS TRABALHOS EM ESPAÇOS CONFINADOS - VIGIA E TRABALHADOR | P82: Concluido | Q82: 1 | R82: 3 | S82: 102 | T82: PROCESSO INDUSTRIAL | U82: 45608 | V82: ANUAL | W82: -19 | X82: =IF(Tabela1[[#This Row],[DATA_CURSO]]="", "PENDENTE", IF(Tabela1[[#This Row],[TIPO_RENOVACAO]]="QUANDO NECESSARIO", "EM DIA – não é necessário renovar", IFERROR( IF(SUM(Tabela1[[#This Row],[DATA_CURSO]],VLOOKUP(Tabela1[[#This Row],[DESCRICAO]],RENOVAÇÃO!A:C,3,0))<TODAY(), "VENCIDO – "&TEXT(SUM(Tabela1[[#This Row],[DATA_CURSO]],VLOOKUP(Tabela1[[#This Row],[DESCRICAO]],RENOVAÇÃO!A:C,3,0)),"dd/mm/aa"), "EM DIA – vence em "&TEXT(SUM(Tabela1[[#This Row],[DATA_CURSO]],VLOOKUP(Tabela1[[#This Row],[DESCRICAO]],RENOVAÇÃO!A:C,3,0)),"dd/mm/aa")), "NÃO É NECESSÁRIO RENOVAR"))) -> EM DIA – vence em 12/11/25 | Y82: =IF(Tabela1[[#This Row],[FILIAL]]=1,"SINOP",IF(Tabela1[[#This Row],[FILIAL]]=2,"DOURADOS",IF(Tabela1[[#This Row],[FILIAL]]=3,"NOVA MUTUM",IF(Tabela1[[#This Row],[FILIAL]]=4,"FULLING",IF(Tabela1[[#This Row],[FILIAL]]=5,"SÃO PAULO",IF(Tabela1[[#This Row],[FILIAL]]=6,"SIDROLÂNDIA",IF(Tabela1[[#This Row],[FILIAL]]=8,"BALSAS",IF(Tabela1[[#This Row],[FILIAL]]=10,"LUIS EDUARDO MAGALHÃES","")))))))) -> NOVA MUTUM | Z82: =VLOOKUP(N82,RENOVAÇÃO!A:D,4,0) -> TRILHA SEGURANÇA DO TRABALHO | AA82: =CONCATENATE("• ", Tabela1[[#This Row],[DESCRICAO]], " - ",Tabela1[[#This Row],[STATUS_GERAL]]) -> • NR 33 - SEGURANÇA E SAUDE NOS TRABALHOS EM ESPAÇOS CONFINADOS - VIGIA E TRABALHADOR - EM DIA – vence em 12/11/25
A83: 4 | B83: GABRIEL DOS SANTOS ZAMBOM | C83: 43767 | D83: NORMAL | E83: 5 | F83: GABRIEL DA SILVA OLIVEIRA BROCHADO | G83: 801 - 06:00 AS 18:00 4-3 E 3-4 A1 | H83: EXPORTAÇÃO | I83: 168 | J83: 5058 | K83: OPERADOR MAQUINAS AUTOPROPELIDAS | L83: 129 | M83: CURSO | N83: NR 26 - SINALIZAÇÃO DE SEGURANÇA | P83: Concluido | Q83: 1 | R83: 3 | S83: 102 | T83: PROCESSO INDUSTRIAL | U83: 45489 | V83: QUANDO NECESSARIO | X83: =IF(Tabela1[[#This Row],[DATA_CURSO]]="", "PENDENTE", IF(Tabela1[[#This Row],[TIPO_RENOVACAO]]="QUANDO NECESSARIO", "EM DIA – não é necessário renovar", IFERROR( IF(SUM(Tabela1[[#This Row],[DATA_CURSO]],VLOOKUP(Tabela1[[#This Row],[DESCRICAO]],RENOVAÇÃO!A:C,3,0))<TODAY(), "VENCIDO – "&TEXT(SUM(Tabela1[[#This Row],[DATA_CURSO]],VLOOKUP(Tabela1[[#This Row],[DESCRICAO]],RENOVAÇÃO!A:C,3,0)),"dd/mm/aa"), "EM DIA – vence em "&TEXT(SUM(Tabela1[[#This Row],[DATA_CURSO]],VLOOKUP(Tabela1[[#This Row],[DESCRICAO]],RENOVAÇÃO!A:C,3,0)),"dd/mm/aa")), "NÃO É NECESSÁRIO RENOVAR"))) -> EM DIA – não é necessário renovar | Y83: =IF(Tabela1[[#This Row],[FILIAL]]=1,"SINOP",IF(Tabela1[[#This Row],[FILIAL]]=2,"DOURADOS",IF(Tabela1[[#This Row],[FILIAL]]=3,"NOVA MUTUM",IF(Tabela1[[#This Row],[FILIAL]]=4,"FULLING",IF(Tabela1[[#This Row],[FILIAL]]=5,"SÃO PAULO",IF(Tabela1[[#This Row],[FILIAL]]=6,"SIDROLÂNDIA",IF(Tabela1[[#This Row],[FILIAL]]=8,"BALSAS",IF(Tabela1[[#This Row],[FILIAL]]=10,"LUIS EDUARDO MAGALHÃES","")))))))) -> NOVA MUTUM | Z83: =VLOOKUP(N83,RENOVAÇÃO!A:D,4,0) -> TRILHA SEGURANÇA DO TRABALHO | AA83: =CONCATENATE("• ", Tabela1[[#This Row],[DESCRICAO]], " - ",Tabela1[[#This Row],[STATUS_GERAL]]) -> • NR 26 - SINALIZAÇÃO DE SEGURANÇA - EM DIA – não é necessário renovar
A84: 4 | B84: GABRIEL DOS SANTOS ZAMBOM | C84: 43767 | D84: NORMAL | E84: 5 | F84: GABRIEL DA SILVA OLIVEIRA BROCHADO | G84: 801 - 06:00 AS 18:00 4-3 E 3-4 A1 | H84: EXPORTAÇÃO | I84: 168 | J84: 5058 | K84: OPERADOR MAQUINAS AUTOPROPELIDAS | L84: 300 | M84: CURSO | N84: NR 33 - SEGURANÇA E SAUDE NOS TRABALHOS EM ESPAÇOS CONFINADOS - VIGIA E TRABALHADOR | P84: Concluido | Q84: 1 | R84: 3 | S84: 102 | T84: PROCESSO INDUSTRIAL | U84: 45926 | V84: ANUAL | W84: -337 | X84: =IF(Tabela1[[#This Row],[DATA_CURSO]]="", "PENDENTE", IF(Tabela1[[#This Row],[TIPO_RENOVACAO]]="QUANDO NECESSARIO", "EM DIA – não é necessário renovar", IFERROR( IF(SUM(Tabela1[[#This Row],[DATA_CURSO]],VLOOKUP(Tabela1[[#This Row],[DESCRICAO]],RENOVAÇÃO!A:C,3,0))<TODAY(), "VENCIDO – "&TEXT(SUM(Tabela1[[#This Row],[DATA_CURSO]],VLOOKUP(Tabela1[[#This Row],[DESCRICAO]],RENOVAÇÃO!A:C,3,0)),"dd/mm/aa"), "EM DIA – vence em "&TEXT(SUM(Tabela1[[#This Row],[DATA_CURSO]],VLOOKUP(Tabela1[[#This Row],[DESCRICAO]],RENOVAÇÃO!A:C,3,0)),"dd/mm/aa")), "NÃO É NECESSÁRIO RENOVAR"))) -> EM DIA – vence em 26/09/26 | Y84: =IF(Tabela1[[#This Row],[FILIAL]]=1,"SINOP",IF(Tabela1[[#This Row],[FILIAL]]=2,"DOURADOS",IF(Tabela1[[#This Row],[FILIAL]]=3,"NOVA MUTUM",IF(Tabela1[[#This Row],[FILIAL]]=4,"FULLING",IF(Tabela1[[#This Row],[FILIAL]]=5,"SÃO PAULO",IF(Tabela1[[#This Row],[FILIAL]]=6,"SIDROLÂNDIA",IF(Tabela1[[#This Row],[FILIAL]]=8,"BALSAS",IF(Tabela1[[#This Row],[FILIAL]]=10,"LUIS EDUARDO MAGALHÃES","")))))))) -> NOVA MUTUM | Z84: =VLOOKUP(N84,RENOVAÇÃO!A:D,4,0) -> TRILHA SEGURANÇA DO TRABALHO | AA84: =CONCATENATE("• ", Tabela1[[#This Row],[DESCRICAO]], " - ",Tabela1[[#This Row],[STATUS_GERAL]]) -> • NR 33 - SEGURANÇA E SAUDE NOS TRABALHOS EM ESPAÇOS CONFINADOS - VIGIA E TRABALHADOR - EM DIA – vence em 26/09/26
A85: 4 | B85: GABRIEL DOS SANTOS ZAMBOM | C85: 43767 | D85: NORMAL | E85: 5 | F85: GABRIEL DA SILVA OLIVEIRA BROCHADO | G85: 801 - 06:00 AS 18:00 4-3 E 3-4 A1 | H85: EXPORTAÇÃO | I85: 168 | J85: 5058 | K85: OPERADOR MAQUINAS AUTOPROPELIDAS | L85: 323 | M85: CURSO | N85: BLOQUEIO E SINALIZAÇÃO DE ENERGIAS PERIGOSAS - LOCKOUT/TAGOUT - NR10 E NR12 | P85: Concluido | Q85: 1 | R85: 3 | S85: 102 | T85: PROCESSO INDUSTRIAL | U85: 44250 | V85: QUANDO NECESSARIO | X85: =IF(Tabela1[[#This Row],[DATA_CURSO]]="", "PENDENTE", IF(Tabela1[[#This Row],[TIPO_RENOVACAO]]="QUANDO NECESSARIO", "EM DIA – não é necessário renovar", IFERROR( IF(SUM(Tabela1[[#This Row],[DATA_CURSO]],VLOOKUP(Tabela1[[#This Row],[DESCRICAO]],RENOVAÇÃO!A:C,3,0))<TODAY(), "VENCIDO – "&TEXT(SUM(Tabela1[[#This Row],[DATA_CURSO]],VLOOKUP(Tabela1[[#This Row],[DESCRICAO]],RENOVAÇÃO!A:C,3,0)),"dd/mm/aa"), "EM DIA – vence em "&TEXT(SUM(Tabela1[[#This Row],[DATA_CURSO]],VLOOKUP(Tabela1[[#This Row],[DESCRICAO]],RENOVAÇÃO!A:C,3,0)),"dd/mm/aa")), "NÃO É NECESSÁRIO RENOVAR"))) -> EM DIA – não é necessário renovar | Y85: =IF(Tabela1[[#This Row],[FILIAL]]=1,"SINOP",IF(Tabela1[[#This Row],[FILIAL]]=2,"DOURADOS",IF(Tabela1[[#This Row],[FILIAL]]=3,"NOVA MUTUM",IF(Tabela1[[#This Row],[FILIAL]]=4,"FULLING",IF(Tabela1[[#This Row],[FILIAL]]=5,"SÃO PAULO",IF(Tabela1[[#This Row],[FILIAL]]=6,"SIDROLÂNDIA",IF(Tabela1[[#This Row],[FILIAL]]=8,"BALSAS",IF(Tabela1[[#This Row],[FILIAL]]=10,"LUIS EDUARDO MAGALHÃES","")))))))) -> NOVA MUTUM | Z85: =VLOOKUP(N85,RENOVAÇÃO!A:D,4,0) -> TRILHA SEGURANÇA DO TRABALHO | AA85: =CONCATENATE("• ", Tabela1[[#This Row],[DESCRICAO]], " - ",Tabela1[[#This Row],[STATUS_GERAL]]) -> • BLOQUEIO E SINALIZAÇÃO DE ENERGIAS PERIGOSAS - LOCKOUT/TAGOUT - NR10 E NR12 - EM DIA – não é necessário renovar
A86: 4 | B86: GABRIEL DOS SANTOS ZAMBOM | C86: 43767 | D86: NORMAL | E86: 5 | F86: GABRIEL DA SILVA OLIVEIRA BROCHADO | G86: 801 - 06:00 AS 18:00 4-3 E 3-4 A1 | H86: EXPORTAÇÃO | I86: 168 | J86: 5058 | K86: OPERADOR MAQUINAS AUTOPROPELIDAS | L86: 104 | M86: CURSO | N86: NR 13 - SEGURANÇA NA OPERAÇÃO VASOS DE PRESSÃO | P86: Concluido | Q86: 1 | R86: 3 | S86: 102 | T86: PROCESSO INDUSTRIAL | U86: 44888 | V86: QUANDO NECESSARIO | X86: =IF(Tabela1[[#This Row],[DATA_CURSO]]="", "PENDENTE", IF(Tabela1[[#This Row],[TIPO_RENOVACAO]]="QUANDO NECESSARIO", "EM DIA – não é necessário renovar", IFERROR( IF(SUM(Tabela1[[#This Row],[DATA_CURSO]],VLOOKUP(Tabela1[[#This Row],[DESCRICAO]],RENOVAÇÃO!A:C,3,0))<TODAY(), "VENCIDO – "&TEXT(SUM(Tabela1[[#This Row],[DATA_CURSO]],VLOOKUP(Tabela1[[#This Row],[DESCRICAO]],RENOVAÇÃO!A:C,3,0)),"dd/mm/aa"), "EM DIA – vence em "&TEXT(SUM(Tabela1[[#This Row],[DATA_CURSO]],VLOOKUP(Tabela1[[#This Row],[DESCRICAO]],RENOVAÇÃO!A:C,3,0)),"dd/mm/aa")), "NÃO É NECESSÁRIO RENOVAR"))) -> EM DIA – não é necessário renovar | Y86: =IF(Tabela1[[#This Row],[FILIAL]]=1,"SINOP",IF(Tabela1[[#This Row],[FILIAL]]=2,"DOURADOS",IF(Tabela1[[#This Row],[FILIAL]]=3,"NOVA MUTUM",IF(Tabela1[[#This Row],[FILIAL]]=4,"FULLING",IF(Tabela1[[#This Row],[FILIAL]]=5,"SÃO PAULO",IF(Tabela1[[#This Row],[FILIAL]]=6,"SIDROLÂNDIA",IF(Tabela1[[#This Row],[FILIAL]]=8,"BALSAS",IF(Tabela1[[#This Row],[FILIAL]]=10,"LUIS EDUARDO MAGALHÃES","")))))))) -> NOVA MUTUM | Z86: =VLOOKUP(N86,RENOVAÇÃO!A:D,4,0) -> TRILHA SEGURANÇA DO TRABALHO | AA86: =CONCATENATE("• ", Tabela1[[#This Row],[DESCRICAO]], " - ",Tabela1[[#This Row],[STATUS_GERAL]]) -> • NR 13 - SEGURANÇA NA OPERAÇÃO VASOS DE PRESSÃO - EM DIA – não é necessário renovar
A87: 4 | B87: GABRIEL DOS SANTOS ZAMBOM | C87: 43767 | D87: NORMAL | E87: 5 | F87: GABRIEL DA SILVA OLIVEIRA BROCHADO | G87: 801 - 06:00 AS 18:00 4-3 E 3-4 A1 | H87: EXPORTAÇÃO | I87: 168 | J87: 5058 | K87: OPERADOR MAQUINAS AUTOPROPELIDAS | L87: 2 | M87: CURSO | N87: BLOQUEIO E SINALIZAÇÃO DE ENERGIAS PERIGOSAS - LOCKOUT/TAGOUT - NR10 E NR12 | P87: Concluido | Q87: 1 | R87: 3 | S87: 102 | T87: PROCESSO INDUSTRIAL | U87: 45125 | V87: QUANDO NECESSARIO | X87: =IF(Tabela1[[#This Row],[DATA_CURSO]]="", "PENDENTE", IF(Tabela1[[#This Row],[TIPO_RENOVACAO]]="QUANDO NECESSARIO", "EM DIA – não é necessário renovar", IFERROR( IF(SUM(Tabela1[[#This Row],[DATA_CURSO]],VLOOKUP(Tabela1[[#This Row],[DESCRICAO]],RENOVAÇÃO!A:C,3,0))<TODAY(), "VENCIDO – "&TEXT(SUM(Tabela1[[#This Row],[DATA_CURSO]],VLOOKUP(Tabela1[[#This Row],[DESCRICAO]],RENOVAÇÃO!A:C,3,0)),"dd/mm/aa"), "EM DIA – vence em "&TEXT(SUM(Tabela1[[#This Row],[DATA_CURSO]],VLOOKUP(Tabela1[[#This Row],[DESCRICAO]],RENOVAÇÃO!A:C,3,0)),"dd/mm/aa")), "NÃO É NECESSÁRIO RENOVAR"))) -> EM DIA – não é necessário renovar | Y87: =IF(Tabela1[[#This Row],[FILIAL]]=1,"SINOP",IF(Tabela1[[#This Row],[FILIAL]]=2,"DOURADOS",IF(Tabela1[[#This Row],[FILIAL]]=3,"NOVA MUTUM",IF(Tabela1[[#This Row],[FILIAL]]=4,"FULLING",IF(Tabela1[[#This Row],[FILIAL]]=5,"SÃO PAULO",IF(Tabela1[[#This Row],[FILIAL]]=6,"SIDROLÂNDIA",IF(Tabela1[[#This Row],[FILIAL]]=8,"BALSAS",IF(Tabela1[[#This Row],[FILIAL]]=10,"LUIS EDUARDO MAGALHÃES","")))))))) -> NOVA MUTUM | Z87: =VLOOKUP(N87,RENOVAÇÃO!A:D,4,0) -> TRILHA SEGURANÇA DO TRABALHO | AA87: =CONCATENATE("• ", Tabela1[[#This Row],[DESCRICAO]], " - ",Tabela1[[#This Row],[STATUS_GERAL]]) -> • BLOQUEIO E SINALIZAÇÃO DE ENERGIAS PERIGOSAS - LOCKOUT/TAGOUT - NR10 E NR12 - EM DIA – não é necessário renovar
A88: 4 | B88: GABRIEL DOS SANTOS ZAMBOM | C88: 43767 | D88: NORMAL | E88: 5 | F88: GABRIEL DA SILVA OLIVEIRA BROCHADO | G88: 801 - 06:00 AS 18:00 4-3 E 3-4 A1 | H88: EXPORTAÇÃO | I88: 168 | J88: 5058 | K88: OPERADOR MAQUINAS AUTOPROPELIDAS | L88: 200 | M88: CURSO | N88: NR 20 - SEG. E TRAB. INFLAMÁVEIS E COMBUSTIVEIS CLASSE III - AVANÇADO | P88: Concluido | Q88: 1 | R88: 3 | S88: 102 | T88: PROCESSO INDUSTRIAL | U88: 45809 | V88: ANUAL | W88: -220 | X88: =IF(Tabela1[[#This Row],[DATA_CURSO]]="", "PENDENTE", IF(Tabela1[[#This Row],[TIPO_RENOVACAO]]="QUANDO NECESSARIO", "EM DIA – não é necessário renovar", IFERROR( IF(SUM(Tabela1[[#This Row],[DATA_CURSO]],VLOOKUP(Tabela1[[#This Row],[DESCRICAO]],RENOVAÇÃO!A:C,3,0))<TODAY(), "VENCIDO – "&TEXT(SUM(Tabela1[[#This Row],[DATA_CURSO]],VLOOKUP(Tabela1[[#This Row],[DESCRICAO]],RENOVAÇÃO!A:C,3,0)),"dd/mm/aa"), "EM DIA – vence em "&TEXT(SUM(Tabela1[[#This Row],[DATA_CURSO]],VLOOKUP(Tabela1[[#This Row],[DESCRICAO]],RENOVAÇÃO!A:C,3,0)),"dd/mm/aa")), "NÃO É NECESSÁRIO RENOVAR"))) -> EM DIA – vence em 01/06/26 | Y88: =IF(Tabela1[[#This Row],[FILIAL]]=1,"SINOP",IF(Tabela1[[#This Row],[FILIAL]]=2,"DOURADOS",IF(Tabela1[[#This Row],[FILIAL]]=3,"NOVA MUTUM",IF(Tabela1[[#This Row],[FILIAL]]=4,"FULLING",IF(Tabela1[[#This Row],[FILIAL]]=5,"SÃO PAULO",IF(Tabela1[[#This Row],[FILIAL]]=6,"SIDROLÂNDIA",IF(Tabela1[[#This Row],[FILIAL]]=8,"BALSAS",IF(Tabela1[[#This Row],[FILIAL]]=10,"LUIS EDUARDO MAGALHÃES","")))))))) -> NOVA MUTUM | Z88: =VLOOKUP(N88,RENOVAÇÃO!A:D,4,0) -> TRILHA SEGURANÇA DO TRABALHO | AA88: =CONCATENATE("• ", Tabela1[[#This Row],[DESCRICAO]], " - ",Tabela1[[#This Row],[STATUS_GERAL]]) -> • NR 20 - SEG. E TRAB. INFLAMÁVEIS E COMBUSTIVEIS CLASSE III - AVANÇADO - EM DIA – vence em 01/06/26
A89: 4 | B89: GABRIEL DOS SANTOS ZAMBOM | C89: 43767 | D89: NORMAL | E89: 5 | F89: GABRIEL DA SILVA OLIVEIRA BROCHADO | G89: 801 - 06:00 AS 18:00 4-3 E 3-4 A1 | H89: EXPORTAÇÃO | I89: 168 | J89: 5058 | K89: OPERADOR MAQUINAS AUTOPROPELIDAS | L89: 302 | M89: CURSO | N89: NR 35 - TRABALHO EM ALTURA | P89: Concluido | Q89: 1 | R89: 3 | S89: 102 | T89: PROCESSO INDUSTRIAL | U89: 45602 | V89: BIENAL | W89: -378 | X89: =IF(Tabela1[[#This Row],[DATA_CURSO]]="", "PENDENTE", IF(Tabela1[[#This Row],[TIPO_RENOVACAO]]="QUANDO NECESSARIO", "EM DIA – não é necessário renovar", IFERROR( IF(SUM(Tabela1[[#This Row],[DATA_CURSO]],VLOOKUP(Tabela1[[#This Row],[DESCRICAO]],RENOVAÇÃO!A:C,3,0))<TODAY(), "VENCIDO – "&TEXT(SUM(Tabela1[[#This Row],[DATA_CURSO]],VLOOKUP(Tabela1[[#This Row],[DESCRICAO]],RENOVAÇÃO!A:C,3,0)),"dd/mm/aa"), "EM DIA – vence em "&TEXT(SUM(Tabela1[[#This Row],[DATA_CURSO]],VLOOKUP(Tabela1[[#This Row],[DESCRICAO]],RENOVAÇÃO!A:C,3,0)),"dd/mm/aa")), "NÃO É NECESSÁRIO RENOVAR"))) -> EM DIA – vence em 06/11/26 | Y89: =IF(Tabela1[[#This Row],[FILIAL]]=1,"SINOP",IF(Tabela1[[#This Row],[FILIAL]]=2,"DOURADOS",IF(Tabela1[[#This Row],[FILIAL]]=3,"NOVA MUTUM",IF(Tabela1[[#This Row],[FILIAL]]=4,"FULLING",IF(Tabela1[[#This Row],[FILIAL]]=5,"SÃO PAULO",IF(Tabela1[[#This Row],[FILIAL]]=6,"SIDROLÂNDIA",IF(Tabela1[[#This Row],[FILIAL]]=8,"BALSAS",IF(Tabela1[[#This Row],[FILIAL]]=10,"LUIS EDUARDO MAGALHÃES","")))))))) -> NOVA MUTUM | Z89: =VLOOKUP(N89,RENOVAÇÃO!A:D,4,0) -> TRILHA SEGURANÇA DO TRABALHO | AA89: =CONCATENATE("• ", Tabela1[[#This Row],[DESCRICAO]], " - ",Tabela1[[#This Row],[STATUS_GERAL]]) -> • NR 35 - TRABALHO EM ALTURA - EM DIA – vence em 06/11/26
A90: 4 | B90: GABRIEL DOS SANTOS ZAMBOM | C90: 43767 | D90: NORMAL | E90: 5 | F90: GABRIEL DA SILVA OLIVEIRA BROCHADO | G90: 801 - 06:00 AS 18:00 4-3 E 3-4 A1 | H90: EXPORTAÇÃO | I90: 168 | J90: 5058 | K90: OPERADOR MAQUINAS AUTOPROPELIDAS | L90: 320 | M90: CURSO | N90: NR 35 - TRABALHO EM ALTURA | P90: Concluido | Q90: 1 | R90: 3 | S90: 102 | T90: PROCESSO INDUSTRIAL | U90: 45511 | V90: BIENAL | W90: -287 | X90: =IF(Tabela1[[#This Row],[DATA_CURSO]]="", "PENDENTE", IF(Tabela1[[#This Row],[TIPO_RENOVACAO]]="QUANDO NECESSARIO", "EM DIA – não é necessário renovar", IFERROR( IF(SUM(Tabela1[[#This Row],[DATA_CURSO]],VLOOKUP(Tabela1[[#This Row],[DESCRICAO]],RENOVAÇÃO!A:C,3,0))<TODAY(), "VENCIDO – "&TEXT(SUM(Tabela1[[#This Row],[DATA_CURSO]],VLOOKUP(Tabela1[[#This Row],[DESCRICAO]],RENOVAÇÃO!A:C,3,0)),"dd/mm/aa"), "EM DIA – vence em "&TEXT(SUM(Tabela1[[#This Row],[DATA_CURSO]],VLOOKUP(Tabela1[[#This Row],[DESCRICAO]],RENOVAÇÃO!A:C,3,0)),"dd/mm/aa")), "NÃO É NECESSÁRIO RENOVAR"))) -> EM DIA – vence em 07/08/26 | Y90: =IF(Tabela1[[#This Row],[FILIAL]]=1,"SINOP",IF(Tabela1[[#This Row],[FILIAL]]=2,"DOURADOS",IF(Tabela1[[#This Row],[FILIAL]]=3,"NOVA MUTUM",IF(Tabela1[[#This Row],[FILIAL]]=4,"FULLING",IF(Tabela1[[#This Row],[FILIAL]]=5,"SÃO PAULO",IF(Tabela1[[#This Row],[FILIAL]]=6,"SIDROLÂNDIA",IF(Tabela1[[#This Row],[FILIAL]]=8,"BALSAS",IF(Tabela1[[#This Row],[FILIAL]]=10,"LUIS EDUARDO MAGALHÃES","")))))))) -> NOVA MUTUM | Z90: =VLOOKUP(N90,RENOVAÇÃO!A:D,4,0) -> TRILHA SEGURANÇA DO TRABALHO | AA90: =CONCATENATE("• ", Tabela1[[#This Row],[DESCRICAO]], " - ",Tabela1[[#This Row],[STATUS_GERAL]]) -> • NR 35 - TRABALHO EM ALTURA - EM DIA – vence em 07/08/26
A91: 4 | B91: GABRIEL DOS SANTOS ZAMBOM | C91: 43767 | D91: NORMAL | E91: 5 | F91: GABRIEL DA SILVA OLIVEIRA BROCHADO | G91: 801 - 06:00 AS 18:00 4-3 E 3-4 A1 | H91: EXPORTAÇÃO | I91: 168 | J91: 5058 | K91: OPERADOR MAQUINAS AUTOPROPELIDAS | L91: 321 | M91: CURSO | N91: NR 26 - SINALIZAÇÃO DE SEGURANÇA | P91: Concluido | Q91: 1 | R91: 3 | S91: 102 | T91: PROCESSO INDUSTRIAL | U91: 45489 | V91: QUANDO NECESSARIO | X91: =IF(Tabela1[[#This Row],[DATA_CURSO]]="", "PENDENTE", IF(Tabela1[[#This Row],[TIPO_RENOVACAO]]="QUANDO NECESSARIO", "EM DIA – não é necessário renovar", IFERROR( IF(SUM(Tabela1[[#This Row],[DATA_CURSO]],VLOOKUP(Tabela1[[#This Row],[DESCRICAO]],RENOVAÇÃO!A:C,3,0))<TODAY(), "VENCIDO – "&TEXT(SUM(Tabela1[[#This Row],[DATA_CURSO]],VLOOKUP(Tabela1[[#This Row],[DESCRICAO]],RENOVAÇÃO!A:C,3,0)),"dd/mm/aa"), "EM DIA – vence em "&TEXT(SUM(Tabela1[[#This Row],[DATA_CURSO]],VLOOKUP(Tabela1[[#This Row],[DESCRICAO]],RENOVAÇÃO!A:C,3,0)),"dd/mm/aa")), "NÃO É NECESSÁRIO RENOVAR"))) -> EM DIA – não é necessário renovar | Y91: =IF(Tabela1[[#This Row],[FILIAL]]=1,"SINOP",IF(Tabela1[[#This Row],[FILIAL]]=2,"DOURADOS",IF(Tabela1[[#This Row],[FILIAL]]=3,"NOVA MUTUM",IF(Tabela1[[#This Row],[FILIAL]]=4,"FULLING",IF(Tabela1[[#This Row],[FILIAL]]=5,"SÃO PAULO",IF(Tabela1[[#This Row],[FILIAL]]=6,"SIDROLÂNDIA",IF(Tabela1[[#This Row],[FILIAL]]=8,"BALSAS",IF(Tabela1[[#This Row],[FILIAL]]=10,"LUIS EDUARDO MAGALHÃES","")))))))) -> NOVA MUTUM | Z91: =VLOOKUP(N91,RENOVAÇÃO!A:D,4,0) -> TRILHA SEGURANÇA DO TRABALHO | AA91: =CONCATENATE("• ", Tabela1[[#This Row],[DESCRICAO]], " - ",Tabela1[[#This Row],[STATUS_GERAL]]) -> • NR 26 - SINALIZAÇÃO DE SEGURANÇA - EM DIA – não é necessário renovar
A92: 4 | B92: GABRIEL DOS SANTOS ZAMBOM | C92: 43767 | D92: NORMAL | E92: 5 | F92: GABRIEL DA SILVA OLIVEIRA BROCHADO | G92: 801 - 06:00 AS 18:00 4-3 E 3-4 A1 | H92: EXPORTAÇÃO | I92: 168 | J92: 5058 | K92: OPERADOR MAQUINAS AUTOPROPELIDAS | L92: 295 | M92: CURSO | N92: BLOQUEIO E SINALIZAÇÃO DE ENERGIAS PERIGOSAS - LOCKOUT/TAGOUT - NR10 E NR12 | P92: Concluido | Q92: 1 | R92: 1 | S92: 114 | T92: OPERAÇÕES | U92: 45436 | V92: QUANDO NECESSARIO | X92: =IF(Tabela1[[#This Row],[DATA_CURSO]]="", "PENDENTE", IF(Tabela1[[#This Row],[TIPO_RENOVACAO]]="QUANDO NECESSARIO", "EM DIA – não é necessário renovar", IFERROR( IF(SUM(Tabela1[[#This Row],[DATA_CURSO]],VLOOKUP(Tabela1[[#This Row],[DESCRICAO]],RENOVAÇÃO!A:C,3,0))<TODAY(), "VENCIDO – "&TEXT(SUM(Tabela1[[#This Row],[DATA_CURSO]],VLOOKUP(Tabela1[[#This Row],[DESCRICAO]],RENOVAÇÃO!A:C,3,0)),"dd/mm/aa"), "EM DIA – vence em "&TEXT(SUM(Tabela1[[#This Row],[DATA_CURSO]],VLOOKUP(Tabela1[[#This Row],[DESCRICAO]],RENOVAÇÃO!A:C,3,0)),"dd/mm/aa")), "NÃO É NECESSÁRIO RENOVAR"))) -> EM DIA – não é necessário renovar | Y92: =IF(Tabela1[[#This Row],[FILIAL]]=1,"SINOP",IF(Tabela1[[#This Row],[FILIAL]]=2,"DOURADOS",IF(Tabela1[[#This Row],[FILIAL]]=3,"NOVA MUTUM",IF(Tabela1[[#This Row],[FILIAL]]=4,"FULLING",IF(Tabela1[[#This Row],[FILIAL]]=5,"SÃO PAULO",IF(Tabela1[[#This Row],[FILIAL]]=6,"SIDROLÂNDIA",IF(Tabela1[[#This Row],[FILIAL]]=8,"BALSAS",IF(Tabela1[[#This Row],[FILIAL]]=10,"LUIS EDUARDO MAGALHÃES","")))))))) -> SINOP | Z92: =VLOOKUP(N92,RENOVAÇÃO!A:D,4,0) -> TRILHA SEGURANÇA DO TRABALHO | AA92: =CONCATENATE("• ", Tabela1[[#This Row],[DESCRICAO]], " - ",Tabela1[[#This Row],[STATUS_GERAL]]) -> • BLOQUEIO E SINALIZAÇÃO DE ENERGIAS PERIGOSAS - LOCKOUT/TAGOUT - NR10 E NR12 - EM DIA – não é necessário renovar
A93: 4 | B93: GABRIEL DOS SANTOS ZAMBOM | C93: 43767 | D93: NORMAL | E93: 5 | F93: GABRIEL DA SILVA OLIVEIRA BROCHADO | G93: 801 - 06:00 AS 18:00 4-3 E 3-4 A1 | H93: EXPORTAÇÃO | I93: 168 | J93: 5058 | K93: OPERADOR MAQUINAS AUTOPROPELIDAS | L93: 322 | M93: CURSO | N93: NR 35 - TRABALHO EM ALTURA | P93: Concluido | Q93: 1 | R93: 3 | S93: 102 | T93: PROCESSO INDUSTRIAL | U93: 45569 | V93: BIENAL | W93: -345 | X93: =IF(Tabela1[[#This Row],[DATA_CURSO]]="", "PENDENTE", IF(Tabela1[[#This Row],[TIPO_RENOVACAO]]="QUANDO NECESSARIO", "EM DIA – não é necessário renovar", IFERROR( IF(SUM(Tabela1[[#This Row],[DATA_CURSO]],VLOOKUP(Tabela1[[#This Row],[DESCRICAO]],RENOVAÇÃO!A:C,3,0))<TODAY(), "VENCIDO – "&TEXT(SUM(Tabela1[[#This Row],[DATA_CURSO]],VLOOKUP(Tabela1[[#This Row],[DESCRICAO]],RENOVAÇÃO!A:C,3,0)),"dd/mm/aa"), "EM DIA – vence em "&TEXT(SUM(Tabela1[[#This Row],[DATA_CURSO]],VLOOKUP(Tabela1[[#This Row],[DESCRICAO]],RENOVAÇÃO!A:C,3,0)),"dd/mm/aa")), "NÃO É NECESSÁRIO RENOVAR"))) -> EM DIA – vence em 04/10/26 | Y93: =IF(Tabela1[[#This Row],[FILIAL]]=1,"SINOP",IF(Tabela1[[#This Row],[FILIAL]]=2,"DOURADOS",IF(Tabela1[[#This Row],[FILIAL]]=3,"NOVA MUTUM",IF(Tabela1[[#This Row],[FILIAL]]=4,"FULLING",IF(Tabela1[[#This Row],[FILIAL]]=5,"SÃO PAULO",IF(Tabela1[[#This Row],[FILIAL]]=6,"SIDROLÂNDIA",IF(Tabela1[[#This Row],[FILIAL]]=8,"BALSAS",IF(Tabela1[[#This Row],[FILIAL]]=10,"LUIS EDUARDO MAGALHÃES","")))))))) -> NOVA MUTUM | Z93: =VLOOKUP(N93,RENOVAÇÃO!A:D,4,0) -> TRILHA SEGURANÇA DO TRABALHO | AA93: =CONCATENATE("• ", Tabela1[[#This Row],[DESCRICAO]], " - ",Tabela1[[#This Row],[STATUS_GERAL]]) -> • NR 35 - TRABALHO EM ALTURA - EM DIA – vence em 04/10/26
N94: NR 26 - SINALIZAÇÃO DE SEGURANÇA | P94: Concluido | Q94: 1 | R94: 3 | S94: 102 | T94: PROCESSO INDUSTRIAL | U94: 45489 | V94: QUANDO NECESSARIO | X94: =IF(Tabela1[[#This Row],[DATA_CURSO]]="", "PENDENTE", IF(Tabela1[[#This Row],[TIPO_RENOVACAO]]="QUANDO NECESSARIO", "EM DIA – não é necessário renovar", IFERROR( IF(SUM(Tabela1[[#This Row],[DATA_CURSO]],VLOOKUP(Tabela1[[#This Row],[DESCRICAO]],RENOVAÇÃO!A:C,3,0))<TODAY(), "VENCIDO – "&TEXT(SUM(Tabela1[[#This Row],[DATA_CURSO]],VLOOKUP(Tabela1[[#This Row],[DESCRICAO]],RENOVAÇÃO!A:C,3,0)),"dd/mm/aa"), "EM DIA – vence em "&TEXT(SUM(Tabela1[[#This Row],[DATA_CURSO]],VLOOKUP(Tabela1[[#This Row],[DESCRICAO]],RENOVAÇÃO!A:C,3,0)),"dd/mm/aa")), "NÃO É NECESSÁRIO RENOVAR"))) -> EM DIA – não é necessário renovar | Y94: =IF(Tabela1[[#This Row],[FILIAL]]=1,"SINOP",IF(Tabela1[[#This Row],[FILIAL]]=2,"DOURADOS",IF(Tabela1[[#This Row],[FILIAL]]=3,"NOVA MUTUM",IF(Tabela1[[#This Row],[FILIAL]]=4,"FULLING",IF(Tabela1[[#This Row],[FILIAL]]=5,"SÃO PAULO",IF(Tabela1[[#This Row],[FILIAL]]=6,"SIDROLÂNDIA",IF(Tabela1[[#This Row],[FILIAL]]=8,"BALSAS",IF(Tabela1[[#This Row],[FILIAL]]=10,"LUIS EDUARDO MAGALHÃES","")))))))) -> NOVA MUTUM | Z94: =VLOOKUP(N94,RENOVAÇÃO!A:D,4,0) -> TRILHA SEGURANÇA DO TRABALHO | AA94: =CONCATENATE("• ", Tabela1[[#This Row],[DESCRICAO]], " - ",Tabela1[[#This Row],[STATUS_GERAL]]) -> • NR 26 - SINALIZAÇÃO DE SEGURANÇA - EM DIA – não é necessário renovar

Sheet RENOVAÇÃO
A1: DESCRIÇÃO | B1: PERIODISIDADE | C1: Dias | D1: TIPO DE TREINAMENTO
A2: ACIONAMENTOS | B2: QUANDO NECESSARIO | C2: 0 | D2: TRILHA DA MANUTENÇÃO
A3: ALARMES DO PROCESSO DE PRODUÇÃO | B3: QUANDO NECESSARIO | C3: 0 | D3: TRILHA DA MANUTENÇÃO
A4: ASPR - ACERTO DE SERVIÇOS PROGRAMÁVEIS | B4: QUANDO NECESSARIO | C4: 0 | D4: TRILHA DA MANUTENÇÃO
A5: BCKL | Backlog | B5: QUANDO NECESSARIO | C5: 0 | D5: TRILHA DA MANUTENÇÃO
A6: BLOQUEIO E SINALIZAÇÃO DE ENERGIAS PERIGOSAS - LOCKOUT/TAGOUT - NR10 E NR12 | B6: QUANDO NECESSARIO | C6: 0 | D6: TRILHA SEGURANÇA DO TRABALHO
A7: BOAS PRATICAS DE LABORATORIO - BPL | B7: ANUAL | C7: 365 | D7: TRILHA SGI
A8: BPF | BOAS PRÁTICAS DE FABRICAÇÃO | B8: ANUAL | C8: 365 | D8: TRILHA SGI
A9: CANAL DE DENUNCIAS INPASA | B9: ANUAL | C9: 365 | D9: TRILHA COMPLIANCE
A10: CERTIFICAÇÕES HALAL E KOSHER | B10: ANUAL | C10: 365 | D10: TRILHA SGI
A11: CÓDIGO DE CONDUTA E ÉTICA | B11: QUANDO NECESSARIO | C11: 0 | D11: TRILHA COMPLIANCE
A12: COMBATE À CORRUPÇÃO E PREVENÇÃO À LAVAGEM DE DINHEIRO | B12: ANUAL | C12: 365 | D12: TRILHA COMPLIANCE
... A64: TREINAMENTO DE INTEGRAÇÃO - NOVOS COLABORADORES | B64: QUANDO NECESSARIO | C64: 0 | D64: TRILHA RH
A65: TREINAMENTO SOBRE EVIO DE EVENTOS ESOCIAL | C65: 0 | D65: TRILHA RH
